SMILES,predictions
c1ccc2c(N3CCNCC3)nsc2c1,C[N+]1([O-])CCNCC1 O=C1CNCCN1c1nsc2ccccc12 N=C(c1ccccc1S)N1CCNCC1 O=C(O)C1OC(ON2CCN(c3nsc4ccccc34)CC2)C(O)C(O)C1O O=C1CN(c2nsc3ccccc23)CCN1 Oc1cccc2snc(N3CCNCC3)c12
O=C(NOCCO)c1ccc2cncn2c1Nc1ccc(I)cc1F,O=C(O)CONC(=O)c1ccc2cncn2c1Nc1ccc(I)cc1F O=C(NOCCO)c1ccc2cncn2c1Nc1ccc(I)c(O)c1F O=C(NOCCO)c1ccc2cncn2c1Nc1ccccc1F O=CCONC(=O)c1ccc2cncn2c1Nc1ccc(I)cc1F O=C(NOCCO)c1cc(O)c2cncn2c1Nc1ccc(I)cc1F O=C(NOCCO[C@@H]1O[C@H](C(=O)O)[C@@H](O)[C@H](O)[C@H]1O)c1ccc2cncn2c1Nc1ccc(I)cc1F
CN1C(=O)C(O)N=C(c2ccccc2)c2cc(Cl)ccc21,CN1C(=O)C(O)N=C(c2ccc(O)cc2)c2cc(Cl)ccc21 CN1C(=O)C(O)N=C(c2ccccc2)c2cc(Cl)c(O)cc21 CN1C(=O)C(O)N=C(c2cccc(O)c2)c2cc(Cl)ccc21 O=C1Nc2ccc(Cl)cc2C(c2ccccc2)=NC1O CN1C(=O)C(O[C@@H]2O[C@H](C(=O)O)[C@@H](O)[C@H](O)[C@H]2O)N=C(c2ccccc2)c2cc(Cl)ccc21 CN1C(=O)CN=C(c2ccccc2)c2cc(Cl)ccc21
Clc1ccccc1CN1CCc2sccc2C1,O=C(O)c1ccccc1Cl Oc1cc2c(s1)CCN(Cc1ccccc1Cl)C2 OC1CN(Cc2ccccc2Cl)Cc2ccsc21 Clc1ccccc1CN1C=C2C=C[S+]=C2CC1 O=C1C=C2CN(Cc3ccccc3Cl)CCC2S1=O Oc1ccc(Cl)c(CN2CCc3sccc3C2)c1
CN1CCc2cccc3c2[C@H]1Cc1ccc(O)c(O)c1-3,CN1CCc2cccc3c2[C@H]1CC1=C3C(=O)C(=O)C=C1 CN1CCc2cccc3c2[C@H]1Cc1cccc(O)c1-3 CN1CCc2cccc3c2[C@H]1Cc1ccc(O)c(O[C@@H]2O[C@H](C(=O)O)[C@@H](O)[C@H](O)[C@H]2O)c1-3 CN1CCc2cccc3c2[C@H]1Cc1ccc(OC2O[C@H](C(=O)O)[C@@H](O)[C@H](O)[C@H]2O)c(O)c1-3 CN1CCc2cccc3c2[C@H]1Cc1ccc(O)cc1-3 Oc1ccc2c(c1O)-c1cccc3c1[C@H](C2)NCC3
O=C1Nc2ccc(Cl)cc2C(c2ccccc2)=NC1O,O=C1Nc2ccc(Cl)cc2C(c2ccccc2)=NC1OC1OC(C(=O)O)C(O)C(O)C1O O=C1N=C(c2ccccc2)c2cc(Cl)ccc2NC1=O O=C1Nc2ccc(Cl)cc2C(c2ccccc2)=NC1O O=C1C(O)N=C(c2ccccc2)c2cc(Cl)ccc2N1O O=C1Nc2ccc(Cl)cc2C(c2ccc(O)cc2)=NC1O O=C1Nc2ccc(Cl)cc2C(c2cccc(O)c2)=NC1O
COc1ccc2ccc(=O)oc2c1CC=C(C)C,COc1ccc2ccc(=O)oc2c1C/C=C(\C)CO COc1ccc2ccc(=O)oc2c1CC1OC1(C)C COc1cc(O)c2ccc(=O)oc2c1CC=C(C)C CC(C)=CCc1c(O)ccc2ccc(=O)oc12 COc1c(O)cc2ccc(=O)oc2c1CC=C(C)C COc1ccc2cc(O)c(=O)oc2c1CC=C(C)C
Cn1nnc(-c2ccc(-c3ccc(N4C[C@H](CO)OC4=O)cc3F)cn2)n1,Cn1nnc(-c2ccc(-c3ccc(N4C[C@H](COC5OC(C(=O)O)C(O)C(O)C5O)OC4=O)cc3F)cn2)n1 O=C1O[C@@H](CO)CN1c1ccc(-c2ccc(-c3nn[nH]n3)nc2)c(F)c1 Cn1nnc(-c2ccc(-c3ccc(N4C[C@H](C(=O)O)OC4=O)cc3F)cn2)n1 Cn1nnc(-c2ccc(-c3ccc(N4C[C@H](C=S(=O)(O)O)OC4=O)cc3F)cn2)n1 Cn1nnc(-c2ccc(-c3ccc(NCC(=O)O)cc3F)cn2)n1
CNCc1cc(-c2ccccc2F)n(S(=O)(=O)c2cccnc2)c1,CNCc1cc(-c2ccccc2F)n(S(=O)(=O)c2ccc[n+]([O-])c2)c1 O=S(=O)(c1cccnc1)n1cc(CNCO)cc1-c1ccccc1F CNCc1cc(-c2ccccc2F)n(S(=O)(=O)c2cccnc2)c1O N=Cc1cc(-c2ccccc2F)n(S(=O)(=O)c2cccnc2)c1 O=Cc1cc(-c2ccccc2F)n(S(=O)(=O)c2cccnc2)c1 NCc1cc(-c2ccccc2F)n(S(=O)(=O)c2cccnc2)c1
CCOC(=O)c1c(CSc2ccccc2)n(C)c2cc(Br)c(O)c(CN(C)C)c12,CCOC(=O)c1c(CSc2ccccc2)n(C)c2cc(Br)c(O)c(C[N+](C)(C)[O-])c12 CCOC(=O)c1c(CS(=O)(=O)c2ccccc2)n(C)c2cc(Br)c(O)c(CN(C)C)c12 CCOC(=O)c1c(C)n(C)c2cc(Br)c(O)c(CN(C)C)c12 CN(C)Cc1c(O)c(Br)cc2c1c(C(=O)O)c(CSc1ccccc1)n2C CCOC(=O)c1c(CSc2ccccc2)n(C)c2cc(Br)c(OS(=O)(=O)O)c(CN(C)C)c12 CCOC(=O)c1c(CSc2ccc(O)cc2)n(C)c2cc(Br)c(O)c(CN(C)C)c12
CCC1Oc2ccccc2C1C(=O)c1cc(Br)c(O)c(Br)c1,CCC1Oc2ccccc2C1C(=O)c1ccc(O)c(Br)c1 CCC(O)C(C(=O)c1cc(Br)c(O)c(Br)c1)c1ccccc1O CCC1Oc2ccc(O)cc2C1C(=O)c1cc(Br)c(O)c(Br)c1 CCC1Oc2ccccc2C1(O)C(=O)c1cc(Br)c(O)c(Br)c1 Oc1cc(Br)c(O)c(Br)c1 CCC1Oc2ccccc2C1C(=O)c1cc(Br)c(OC2OC(C(=O)O)C(O)C(O)C2O)c(Br)c1
CC1(C)S[C@@H]2[C@H](NC(=O)[C@H](N)c3ccc(O)cc3)C(=O)N2[C@H]1C(=O)O,CC1(C)S[C@@H]2[C@H](NC(=O)[C@H](N)c3ccc(OS(=O)(=O)O)cc3)C(=O)N2[C@H]1C(=O)O CC1(CO)S[C@@H]2[C@H](NC(=O)[C@H](N)c3ccc(O)cc3)C(=O)N2[C@H]1C(=O)O CC1(C)S[C@@H]2[C@H](NC(=O)Cc3ccc(O)cc3)C(=O)N2[C@H]1C(=O)O CC1(C)S[C@@H]2[C@H](N)C(=O)N2[C@H]1C(=O)O CC1(C)S[C@@H]2[C@H](NC(=O)[C@H](N)c3ccc(O)c(O)c3)C(=O)N2[C@H]1C(=O)O CC1(C)S[C@@H]2[C@H](NC(=O)[C@H](N)c3ccc(O)cc3)C(=O)N2[C@H]1C(=O)OC1O[C@H](C(=O)O)[C@@H](O)[C@H](O)[C@H]1O
CN[C@@H](C)[C@H](O)c1ccccc1,C[C@@H]([C@@H](O)c1ccccc1)N(C)O CN[C@@H](C)[C@H](O[C@@H]1O[C@H](C(=O)O)[C@@H](O)[C@H](O)[C@H]1O)c1ccccc1 C[C@@H]([C@H](O)c1ccccc1)N(C)O CN[C@@H](C)C(=O)c1ccccc1 CN[C@@H](C)Cc1ccccc1 CN[C@@H](C)[C@H](O)c1ccc(O)cc1
CC(=O)OC[C@@H](NC(=O)C(Cl)Cl)[C@H](O)c1ccc([N+](=O)[O-])cc1,CC(=O)OC[C@@H](N)[C@H](O)c1ccc([N+](=O)[O-])cc1 O=C(N[C@H](CO)[C@H](O)c1ccc([N+](=O)[O-])cc1)C(Cl)Cl CC(=O)OC[C@H]1NC(=O)C(Cl)O[C@@H]1c1ccc([N+](=O)[O-])cc1 O=C(N[C@H](CO)[C@@H](O[C@@H]1O[C@H](CO)[C@@H](O)[C@H](O)[C@H]1O)c1ccc([N+](=O)[O-])cc1)C(Cl)Cl CC(=O)OC[C@@H](NC(=O)C(Cl)Cl)[C@H](O[C@@H]1O[C@H](C(=O)O)[C@@H](O)[C@H](O)[C@H]1O)c1ccc([N+](=O)[O-])cc1 CC(=O)O[C@H](c1ccc([N+](=O)[O-])cc1)[C@@H](CO)NC(=O)C(Cl)Cl
O=P1(NCCCl)OCCC(O)N1CCCl,O=P(O)(O)OC1CCOP(=O)(NCCCl)N1CCCl O=P1(NCCCl)OCC=CN1CCCl O=P1(NCCCl)NC(O)CCO1 O=C1CCOP(=O)(NCCCl)N1CCCl O=P1(NCCCl)OCCC(O)N1CCO NP1(=O)OCCC(O)N1CCCl
C[C@]12CC[C@@H]3c4ccc(OS(=O)(=O)O)cc4CC[C@H]3[C@@H]1CC[C@@H]2OS(=O)(=O)O,C[C@]12CC[C@@H]3c4ccc(O)cc4CC[C@H]3[C@@H]1CC[C@@H]2OS(=O)(=O)O C[C@]12CC[C@@H]3c4ccc(O)cc4CC[C@H]3[C@@H]1CC[C@@H]2O C[C@]12CC[C@@H]3c4ccc(OS(=O)(=O)O)cc4CC[C@H]3[C@@H]1CC[C@@H]2O C[C@]12CC[C@@H]3c4ccc(OS(=O)(=O)O)cc4CC[C@H]3[C@@H]1C[C@@H](O)[C@@H]2OS(=O)(=O)O C[C@@]12CCC[C@H]1[C@@H]1CCc3cc(O)ccc3[C@H]1CC2
CNC[C@H](O)c1cccc(O)c1,CNC[C@H](O)c1cccc(OS(=O)(=O)O)c1 O=C[C@H](O)c1cccc(O)c1 O=CC(O)c1cccc(O)c1 CNC[C@H](O)c1cccc(O)c1O CNC[C@H](O)c1ccc(O)c(O)c1 NC[C@H](O)c1cccc(O)c1
O=C(N[C@H](CO)[C@H](O)c1ccc([N+](=O)[O-])cc1)C(Cl)Cl,Nc1ccc([C@@H](O)[C@@H](CO)NC(=O)C(Cl)Cl)cc1 O=Nc1ccc([C@@H](O)[C@@H](CO)NC(=O)C(=O)O)cc1 O=Nc1ccc([C@@H](O)[C@@H](CO)NC(=O)C(Cl)Cl)cc1 N[C@H](CO)[C@H](O)c1ccc([N+](=O)[O-])cc1 O=C(CCl)N[C@H](CO)[C@H](O)c1ccc([N+](=O)[O-])cc1 O=C(N[C@H](COP(=O)(O)O)[C@H](O)c1ccc([N+](=O)[O-])cc1)C(Cl)Cl
C[C@H](NC(C)(C)C)C(=O)c1cccc(Cl)c1,C[C@H](N)C(=O)c1cccc(Cl)c1 O=C(O)c1cccc(Cl)c1 C[C@H](NC(C)(C)C)[C@H](O)c1cccc(Cl)c1 C[C@H](NC(C)(C)C)C(=O)c1cc(O)cc(Cl)c1 C[C@H](NC(C)(C)CO)C(=O)c1cccc(Cl)c1 C[C@H](NC(C)(C)C)C(=O)c1cc(Cl)ccc1O
C=CCC1(CC(C)C)C(=O)NC(=O)NC1=O,C=CCC1(CC(C)C)C(=O)NC(=O)NC1O C=CCC1(CC(C)C)C(=O)NC(=O)N(O)C1=O C=CCC1(CC(C)(C)O)C(=O)NC(=O)NC1=O C=CCC1(CC(C)CO)C(=O)NC(=O)NC1=O C=CCC1(CC(C)C)C(=O)NC(=O)NC1=O C=CCC(CC(C)C)(C(=O)O)C(=O)NC(N)=O
C[C@H](N[P@@](=O)([O-])OC[C@H]1O[C@@](C#N)(c2ccc3c(N)ncnn23)[C@H](O)[C@@H]1O)C(=O)[O-],N#C[C@@]1(c2ccc3c(N)ncnn23)O[C@H](COP(=O)(O)O)[C@@H](O)[C@H]1O N#C[C@@]1(c2ccc3c(N)ncnn23)O[C@H](CO)[C@@H](O)[C@H]1O
C#C[C@]1(O)CC[C@H]2[C@@H]3CCC4=C/C(=N/O)CC[C@@H]4[C@H]3CC[C@@]21CC,C#C[C@]1(O)CC[C@H]2[C@@H]3CCC4=C/C(=N/OC5OC(C(=O)O)C(O)C(O)C5O)CC[C@@H]4[C@H]3CC[C@@]21CC C#C[C@]1(O)CC[C@H]2[C@@H]3CCC4=CC(=O)CC[C@@H]4[C@H]3CC[C@@]21CC C#C[C@]1(OC2O[C@H](C(=O)O)[C@@H](O)[C@H](O)[C@H]2O)CC[C@H]2[C@@H]3CCC4=C/C(=N/O)CC[C@@H]4[C@H]3CC[C@@]21CC C#C[C@]1(O)CC[C@H]2[C@@H]3CCC4=CC(=N)CC[C@@H]4[C@H]3CC[C@@]21CC C#C[C@]1(O)CC[C@H]2[C@@H]3C[C@@H](O)C4=C/C(=N/O)CC[C@@H]4[C@H]3CC[C@@]21CC
CCOC(=O)c1c(CS(=O)(=O)c2ccccc2)n(C)c2cc(Br)c(OS(=O)(=O)[O-])c(CN(C)C)c12,CCOC(=O)c1c(CS(=O)(=O)c2ccccc2)n(C)c2cc(Br)c(O)c(CN(C)C)c12 CCOC(=O)c1c(C)n(C)c2cc(Br)c(OS(=O)(=O)O)c(CN(C)C)c12 CCOC(=O)c1c(CSc2ccccc2)[nH]c2cc(Br)c(OS(=O)(=O)O)c(CN(C)C)c12 CCOC(=O)c1c(CSc2ccccc2)n(C)c2cc(Br)c(OS(=O)(=O)O)c(CN(C)C)c12 CCOC(=O)c1c(CS(=O)(=O)c2ccccc2)n(C)c2cc(Br)c(OS(=O)(=O)O)c(CNC)c12 CN(C)Cc1c(OS(=O)(=O)O)c(Br)cc2c1c(C(=O)O)c(CS(=O)(=O)c1ccccc1)n2C
CC(C(=O)O)c1ccc(CC2CCCC2=O)cc1,CC(C(=O)OC1OC(C(=O)O)C(O)C(O)C1O)c1ccc(CC2CCCC2=O)cc1 CC(C(=O)O)c1ccc(CC2CCC(O)C2=O)cc1 CC(O)(C(=O)O)c1ccc(CC2CCCC2=O)cc1 CC(C(=O)O)c1ccc(CC2CC(O)CC2=O)cc1 CC(C(=O)O)c1ccc(CC2CCCOC2=O)cc1 CC(C(=O)O)c1ccc(CC2CCCC2O)cc1
COc1ccc2c3c1O[C@H]1CC(=O)C=C[C@@]31CCN(C)C2,COc1ccc2c3c1O[C@H]1CC(=O)CC[C@@]31CCN(C)C2 COc1ccc2c3c1O[C@H]1C[C@@H](O)C=C[C@@]31CCN(C)C2 COc1cc(O)c2c3c1O[C@H]1CC(=O)C=C[C@@]31CCN(C)C2 CN1CC[C@@]23C=CC(=O)C[C@@H]2Oc2c(O)ccc(c23)C1 CN1CC[C@]23C=CC(=O)C[C@@H]2Oc2c(O)ccc(c23)C1 COc1ccc2c3c1O[C@H]1CC(=O)C=C[C@@]31CC[N+](C)([O-])C2
O=C(c1ccc(OCCN2CCCCC2)cc1)c1c(-c2ccc(O)cc2)sc2cc(O)ccc12,O=C(c1ccc(OCCN2CCCCC2)cc1)c1c(-c2ccc(O)cc2)sc2cc(OC3OC(C(=O)O)C(O)C(O)C3O)ccc12 O=C(c1ccc(OCCN2CCCCC2)cc1)c1c(-c2ccc(O)cc2)sc2c(O)c(O)ccc12 O=C(c1ccc(OCCN2CCCCC2)cc1)c1c(-c2ccc(OC3OC(C(=O)O)C(O)C(O)C3O)cc2)sc2cc(OC3OC(C(=O)O)C(O)C(O)C3O)ccc12 O=C(c1ccc(OCCN2CCCCC2)cc1)c1c(-c2ccc(OC3OC(C(=O)O)C(O)C(O)C3O)cc2)sc2cc(O)ccc12 O=C(c1ccc(OCC[N+]2([O-])CCCCC2)cc1)c1c(-c2ccc(O)cc2)sc2cc(O)ccc12 O=C(O)CCCCNCCOc1ccc(C(=O)c2c(-c3ccc(O)cc3)sc3cc(O)ccc23)cc1
Cc1cccc(C)c1OCC(=O)N[C@@H](Cc1ccccc1)[C@@H](O)C[C@H](Cc1ccccc1)NC(=O)[C@H](C(C)C)N1CCC(O)NC1=O,Cc1cccc(CO)c1OCC(=O)N[C@@H](Cc1ccccc1)[C@@H](O)C[C@H](Cc1ccccc1)NC(=O)[C@H](C(C)C)N1CCC(O)NC1=O Cc1cccc(C)c1OCC(=O)N[C@@H](Cc1ccccc1)[C@@H](O)C(O)[C@H](Cc1ccccc1)NC(=O)[C@H](C(C)C)N1CCC(O)NC1=O Cc1cc(O)cc(C)c1OCC(=O)N[C@@H](Cc1ccccc1)[C@@H](O)C[C@H](Cc1ccccc1)NC(=O)[C@H](C(C)C)N1CCC(O)NC1=O Cc1cccc(C)c1OCC(=O)N[C@@H](Cc1ccccc1)[C@@H](O)C[C@H](Cc1ccccc1)NC(=O)[C@H](C(C)C)N1CCC(O[C@@H]2O[C@H](C(=O)O)[C@@H](O)[C@H](O)[C@H]2O)NC1=O Cc1cccc(C)c1OCC(=O)N[C@@H](Cc1ccccc1)[C@@H](O)C[C@H](Cc1ccccc1)NC(=O)[C@H](C(C)C)N1CCC(=O)NC1=O Cc1cccc(C)c1OCC(=O)N[C@@H](Cc1ccccc1)[C@@H](O)C[C@H](Cc1ccccc1)NC(=O)[C@H](C(C)C)N1CCC(O)N(O)C1=O
N#Cc1ccc(C(=O)c2ccc(C#N)cc2)cc1,N#Cc1ccc(C(=O)c2ccc(C=O)cc2)cc1 N#Cc1ccc(C(=O)O)cc1 N#Cc1ccc(C(=O)c2ccc(C#N)c(O)c2)cc1 N#Cc1ccc(C(=O)c2ccc(C#N)cc2O)cc1 N#Cc1ccc(C(O)c2ccc(C#N)cc2)cc1 N#Cc1ccc(C(=O)c2ccc(C(=N)N)cc2)cc1
CC1(C)O[C@@H]2CO[C@@]3(COS(N)(=O)=O)OC(C)(C)O[C@H]3[C@@H]2O1,CC1(C)O[C@@H]2CO[C@]3(COS(=O)(=O)NC4OC(C(=O)O)C(O)C(O)C4O)OC(C)(C)O[C@H]3[C@@H]2O1 CC1(C)O[C@@H]2CO[C@@]3(COS(N)(=O)=O)OC(C)(CO)O[C@H]3[C@@H]2O1 CC1(C)O[C@@H]2[C@@H](O)O[C@@]3(COS(N)(=O)=O)OC(C)(C)O[C@H]3[C@@H]2O1 CC1(C)O[C@@H]2CO[C@@]3(COS(=O)(=O)NC4OC(C(=O)O)C(O)C(O)C4O)OC(C)(C)O[C@H]3[C@@H]2O1 CC1(C)O[C@@H]2CO[C@@]3(CO)OC(C)(C)O[C@H]3[C@@H]2O1
Clc1ccc(CCCOCCCN2CCCCC2)cc1,O=C(O)CCc1ccc(Cl)cc1 OC1CCCN(CCCOCCCc2ccc(Cl)cc2)C1 OC(CCOCCCN1CCCCC1)c1ccc(Cl)cc1 [O-][N+]1(CCCOCCCc2ccc(Cl)cc2)CCCCC1 O=CCCCCNCCCOCCCc1ccc(Cl)cc1 OC1CCN(CCCOCCCc2ccc(Cl)cc2)CC1
O=P1(NCCCl)OCCCN1CCCl,O=P1(NCCCl)OCCCN1CCO NP1(=O)OCCCN1CCCl O=P1(NCCCl)OCCC[N+]1([O-])CCCl O=P1(NCCO)OCCCN1CCCl O=P1(NCCCl)OCCC(O)N1CCCl
O=C(O)C(=O)N[C@H](CO)[C@H](O)c1ccc([N+](=O)[O-])cc1,Nc1ccc([C@@H](O)[C@@H](CO)NC(=O)C(=O)O)cc1 N[C@H](CO)[C@H](O)c1ccc([N+](=O)[O-])cc1 O=C(O)C(=O)N[C@H](CO)Cc1ccc([N+](=O)[O-])cc1 O=C(O)C(=O)O O=C(O)C(=O)N[C@H](COP(=O)(O)O)[C@H](O)c1ccc([N+](=O)[O-])cc1 O=CN[C@H](CO)[C@H](O)c1ccc([N+](=O)[O-])cc1
C[C@@]12CCC3c4ccc(O)c(O)c4CCC3C1CCC2=O,C[C@@]12CCC3c4ccc(O[C@@H]5O[C@H](C(=O)O)[C@@H](O)[C@H](O)[C@H]5O)c(O)c4CCC3C1CCC2=O C[C@@]12CCC3c4ccc(O)c(O)c4CCC3C1[C@@H](O)CC2=O C[C@@]12CCC3c4ccc(O)c(O)c4CCC3C1C[C@@H](O)C2=O C[C@@]12CCC3c4ccc(O)c(O)c4CCC3C1CC[C@@H]2O C[C@@]12CCC3c4ccc(O)c(O[C@@H]5O[C@H](C(=O)O)[C@@H](O)[C@H](O)[C@H]5O)c4CCC3C1CCC2=O C[C@@]12CCC3c4cc(O)c(O)c(O)c4CCC3C1CCC2=O
O=C1CN=C(c2ccccc2)c2cc(Cl)ccc2N1,O=C1CN=C(c2ccccc2)c2cc(Cl)cc(O)c2N1 O=C1Nc2ccc(Cl)cc2C(c2ccccc2)=NC1O O=C1CN=C(c2cccc(O)c2)c2cc(Cl)ccc2N1 O=C1CN=C(c2ccc(O)cc2)c2cc(Cl)ccc2N1 O=C1CN=C(c2ccccc2)c2cc(Cl)ccc2N1O O=C1CN=C(c2ccccc2)c2cc(Cl)c(O)cc2N1
CS(=O)(=O)c1ccc([C@H](CO)[C@H](C(=O)O)c2ccccc2)cc1,CS(=O)(=O)c1ccc([C@H](COP(=O)(O)O)[C@H](C(=O)O)c2ccccc2)cc1 CS(=O)(=O)c1ccc([C@H](CO)[C@H](C(=O)O[C@@H]2O[C@H](C(=O)O)[C@@H](O)[C@H](O)[C@H]2O)c2ccccc2)cc1 CS(=O)(=O)c1ccc([C@H](CO)[C@H](CO)c2ccccc2)cc1 CS(=O)(=O)c1ccc([C@@H]2COC(=O)[C@@H]2c2ccccc2)cc1 CS(=O)(=O)c1ccc([C@@H](C(=O)O)[C@H](C(=O)O)c2ccccc2)cc1 CS(=O)(=O)c1ccc([C@H](CO)[C@H](C(=O)NCC(=O)O)c2ccccc2)cc1
CNC(=O)c1ccccc1Sc1ccc2c(/C=C/c3ccccn3)n[nH]c2c1,O=C(NCO)c1ccccc1Sc1ccc2c(/C=C/c3ccccn3)n[nH]c2c1 NC(=O)c1ccccc1Sc1ccc2c(/C=C/c3ccccn3)n[nH]c2c1 O=C(O)c1ccccc1Sc1ccc2c(/C=C/c3ccccn3)n[nH]c2c1 CNC(=O)c1ccccc1S(=O)c1ccc2c(/C=C/c3ccccn3)n[nH]c2c1 CNC(=O)c1ccc(O)cc1Sc1ccc2c(/C=C/c3ccccn3)n[nH]c2c1 CNC(=O)c1cc(O)ccc1Sc1ccc2c(/C=C/c3ccccn3)n[nH]c2c1
COc1ccc(S(=O)(=O)N2Cc3[nH]c4ccccc4c3CC2C(N)=O)cc1,COc1ccc(S(=O)(=O)N2Cc3[nH]c4ccc(O)cc4c3CC2C(N)=O)cc1 COc1ccc(S(=O)(=O)N2Cc3[nH]c4cc(O)ccc4c3CC2C(N)=O)cc1 COc1ccc(S(=O)(=O)N2Cc3[nH]c4ccccc4c3CC2C(=O)NO)cc1 COc1ccc(S(=O)(=O)N2Cc3[nH]c4ccccc4c3CC2C(=O)O)cc1 NC(=O)C1Cc2c([nH]c3ccccc23)CN1S(=O)(=O)c1ccc(O)cc1 NC(=O)C1Cc2c([nH]c3ccccc23)CN1
CC1(CO)S[C@@H]2[C@H](NC(=O)[C@H](N)c3ccc(O)cc3)C(=O)N2[C@H]1C(=O)O,CC1(C(=O)O)S[C@@H]2[C@H](NC(=O)[C@H](N)c3ccc(O)cc3)C(=O)N2[C@H]1C(=O)O CC1(C=O)S[C@@H]2[C@H](NC(=O)[C@H](N)c3ccc(O)cc3)C(=O)N2[C@H]1C(=O)O CC1(CO)S[C@@H]2[C@H](NC(=O)[C@H](N)c3ccc(OS(=O)(=O)O)cc3)C(=O)N2[C@H]1C(=O)O CC1(CO)S[C@@H]2[C@H](NC(=O)[C@H](N)c3ccc(O)c(O)c3)C(=O)N2[C@H]1C(=O)O CC1(COC2OC(C(=O)O)C(O)C(O)C2O)S[C@@H]2[C@H](NC(=O)[C@H](N)c3ccc(O)cc3)C(=O)N2[C@H]1C(=O)O CC1(CO)S[C@@H]2[C@H](NC(=O)Cc3ccc(O)cc3)C(=O)N2[C@H]1C(=O)O
C[C@H]1CNCCCN1S(=O)(=O)c1cccc2cncc(F)c12,C[C@H]1CNCCCN1S(=O)(=O)c1cccc2c[n+]([O-])cc(F)c12 C[C@H]1CNCCCN1S(=O)(=O)c1cccc2c(O)ncc(F)c12 C[C@H]1C(=O)NCCCN1S(=O)(=O)c1cccc2cncc(F)c12 C[C@H]1CN(S(=O)(=O)c2cccc3cncc(F)c23)CCCN1S(=O)(=O)O C[C@H]1CNC(=O)CCN1S(=O)(=O)c1cccc2cncc(F)c12 C[C@H]1CNCCCN1S(=O)(=O)c1cccc2cnc(O)c(F)c12
O=C(O)c1cc(O)c2c(c1)C(C1c3cc(C(=O)O)cc(O)c3C(=O)c3c(OC4OC(CO)C(O)C(O)C4O)cccc31)c1cccc(OC3OC(CO)C(O)C(O)C3O)c1C2=O,O=C(O)c1cc(O)c2c(c1)C(C1c3cccc(O)c3C(=O)c3c(O)cc(C(=O)O)cc31)c1cccc(O)c1C2=O O=C(O)c1cc(O)c2c(c1)C(C1c3cc(C(=O)O)cc(O)c3C(=O)c3c(OC4OC(CO)C(O)C(O)C4O)cccc31)c1cccc(O)c1C2=O O=C(O)c1cc(O)c2c(c1)Cc1cccc(OC3OC(CO)C(O)C(O)C3O)c1C2=O
CS(=O)(=O)c1ccc(C2C(O)OC(=O)C2c2ccccc2)cc1,CS(=O)(=O)c1ccc(C2C(O)OC(=O)C2c2ccc(O)cc2)cc1 CS(=O)(=O)c1ccc(C2=C(c3ccccc3)C(=O)OC2O)cc1 CS(=O)(=O)c1ccc(C2C(O)OC(O)C2c2ccccc2)cc1 CS(=O)(=O)c1ccc(C2C(OC3OC(C(=O)O)C(O)C(O)C3O)OC(=O)C2c2ccccc2)cc1 CS(=O)(=O)c1ccc([C@@H](C(=O)O)[C@@H](O)CO)cc1 CS(=O)(=O)c1ccc(C2C(O)OC(=O)C2(O)c2ccccc2)cc1
CC(CN1c2ccccc2Sc2ccccc21)N(C)C,CC(CN1c2ccccc2Sc2cc(O)ccc21)N(C)C CC(CN1c2ccccc2Sc2ccc(O)cc21)N(C)C CC(CN1c2ccccc2SC2C=CC(O)=CC21)N(C)C CC(CN1c2ccccc2Sc2cccc(O)c21)N(C)C CC(CN1c2ccccc2S(=O)c2ccccc21)N(C)C
CC(C)(O)c1ccccc1CC[C@@H](SCC1(CC(=O)O)CC1)c1cccc(/C=C/c2ccc3ccc(Cl)cc3n2)c1,CC(O)(CO)c1ccccc1CC[C@@H](SCC1(CC(=O)O)CC1)c1cccc(/C=C/c2ccc3ccc(Cl)cc3n2)c1 CC(C)(O)c1ccc(O)cc1CC[C@@H](SCC1(CC(=O)O)CC1)c1cccc(/C=C/c2ccc3ccc(Cl)cc3n2)c1 CC(C)(O)c1cc(O)ccc1CC[C@@H](SCC1(CC(=O)O)CC1)c1cccc(/C=C/c2ccc3ccc(Cl)cc3n2)c1 C=C(C)c1ccccc1CC[C@@H](SCC1(CC(=O)O)CC1)c1cccc(/C=C/c2ccc3ccc(Cl)cc3n2)c1 CC(C)(O)c1ccccc1CC[C@@H](SCC1(CC(=O)OC2OC(C(=O)O)C(O)C(O)C2O)CC1)c1cccc(/C=C/c2ccc3ccc(Cl)cc3n2)c1 CC(C)(O[C@@H]1O[C@H](C(=O)O)[C@@H](O)[C@H](O)[C@H]1O)c1ccccc1CC[C@@H](SCC1(CC(=O)O)CC1)c1cccc(/C=C/c2ccc3ccc(Cl)cc3n2)c1
CC[C@H]1OC(=O)[C@H](C)C(=O)[C@H](C)[C@@H](O[C@@H]2O[C@H](C)C[C@H](N(C)C)[C@H]2O)[C@](C)(OCC=Cc2cnc3ccccc3c2)C[C@@H](C)C(=O)[C@H](CO)[C@H]2NC(=O)O[C@]12C,CC[C@H]1OC(=O)[C@H](C)C(=O)[C@H](C)[C@@H](O[C@@H]2O[C@H](C)C[C@H](N(C)C)[C@H]2O)[C@](C)(OCC=Cc2cnc3ccccc3c2)C[C@@H](C)C(=O)[C@H](CO[C@@H]2O[C@H](C(=O)O)[C@@H](O)[C@H](O)[C@H]2O)[C@H]2NC(=O)O[C@]12C CC[C@H]1OC(=O)[C@H](C)C(=O)[C@H](C)[C@@H](O[C@@H]2O[C@H](C)C[C@H](N(C)C)[C@H]2O)[C@](C)(OCC=Cc2cnc3ccccc3c2)C[C@@H](C)C(=O)[C@H](CO)[C@H]2NC(=O)O[C@]12CO CC[C@H]1OC(=O)[C@H](C)C(=O)[C@H](C)[C@@H](O[C@@H]2O[C@H](C)C[C@H](N(C)C)[C@H]2O)[C@](C)(OCC=Cc2cnc3ccccc3c2)C[C@@H](C)C(=O)[C@H](C(=O)O)[C@H]2NC(=O)O[C@]12C CC[C@H]1OC(=O)[C@H](C)C(=O)[C@H](C)[C@@H](O[C@@H]2O[C@H](C)C[C@H](N(C)C)[C@H]2O)[C@](C)(OCC=Cc2cnc3ccccc3c2)C[C@@H](C)C(=O)[C@H](CO)[C@H]2NC(=O)O[C@]12C CC[C@H]1OC(=O)[C@H](C)C(=O)[C@H](C)[C@@H](O[C@@H]2O[C@H](C)C[C@H](NC)[C@H]2O)[C@](C)(OCC=Cc2cnc3ccccc3c2)C[C@@H](C)C(=O)[C@H](CO)[C@H]2NC(=O)O[C@]12C
C[C@H]1COc2c(N3CCN(C)CC3)c(F)cc3c(=O)c(C(=O)O)cn1c23,C[C@H]1COc2c(N)c(F)cc3c(=O)c(C(=O)O)cn1c23 C[C@H]1COc2c(N3CCN(C)CC3)c(F)cc3c(=O)c(C(=O)O[C@@H]4O[C@H](C(=O)O)[C@@H](O)[C@H](O)[C@H]4O)cn1c23 C[C@H]1COc2c(N3CCN(C)CC3)c(F)cc3c(=O)c(C(=O)NCC(=O)O)cn1c23 C[C@H]1COc2c(N3CC[N+](C)([O-])CC3)c(F)cc3c(=O)c(C(=O)O)cn1c23 C[C@H]1COc2c(N3CCN(C)CC3)c(F)cc3c(=O)ccn1c23 C[C@H]1COc2c(N3CCN(C)CC3)c(F)cc3c(=O)c(CO)cn1c23
C[C@]12C=CC(=O)C(Cl)=C1CC[C@H]1[C@H]2CC[C@]2(C)[C@@H]1CC[C@]2(C)O,C[C@]12C=CC(=O)C(Cl)=C1[C@H](O)C[C@H]1[C@H]2CC[C@]2(C)[C@@H]1CC[C@]2(C)O C[C@]12C=CC(=O)C(Cl)=C1CC[C@H]1[C@H]2CC[C@]2(C)[C@@H]1[C@@H](O)C[C@]2(C)O C[C@]12C=CC(=O)C(Cl)=C1CC[C@H]1[C@H]2CC[C@]2(C)[C@@H]1CC[C@]2(C)O[C@@H]1O[C@H](C(=O)O)[C@@H](O)[C@H](O)[C@H]1O C[C@]12C=CC(=O)C(Cl)=C1CC[C@H]1[C@H]2CC[C@]2(C)[C@@H]1C[C@@H](O)[C@]2(C)O CC1CCC2C3CCC4=C(Cl)C(=O)C=C[C@]4(C)C3CC[C@]12C
Cc1ccc(S(=O)(=O)Nc2ccc(C(=O)/C=C/c3ccc(O)cc3)cc2)cc1,Cc1ccc(S(=O)(=O)Nc2ccc(C(=O)/C=C/c3ccc(OC4OC(C(=O)O)C(O)C(O)C4O)cc3)cc2)cc1 Cc1ccc(S(=O)(=O)Nc2ccc(C(=O)/C=C/c3ccc(O)c(O)c3)cc2)cc1 Cc1ccc(S(=O)(=O)Nc2ccc(C(=O)/C=C/c3ccc(O)cc3O)cc2)cc1 Cc1ccc(S(=O)(=O)Nc2ccc(C(=O)/C=C/c3ccc(O)cc3)cc2)c(O)c1 Cc1ccc(S(=O)(=O)Nc2ccc(C(=O)/C=C/c3ccc(O)cc3)cc2)cc1O O=C(/C=C/c1ccc(O)cc1)c1ccc(NS(=O)(=O)c2ccc(CO)cc2)cc1
COc1ccc(CC(C)NCC(O)c2ccc(O)c(NC=O)c2)cc1,COc1ccc(CC(C)N(O)CC(O)c2ccc(O)c(NC=O)c2)cc1 CC(Cc1ccc(O)cc1)NCC(O)c1ccc(O)c(NC=O)c1 COc1ccc(CC(C)NCC(OC2OC(C(=O)O)C(O)C(O)C2O)c2ccc(O)c(NC=O)c2)cc1 COc1ccc(CC(C)NCC(O)c2ccc(O)c(N)c2)cc1 COc1ccc(CC(C)NCC(O)c2ccc(OC3OC(C(=O)O)C(O)C(O)C3O)c(NC=O)c2)cc1 COc1ccc(CC(C)NCC(O)c2cc(O)c(O)c(NC=O)c2)cc1
Cc1cc(N2CCN([C@H]3CN[C@H](C(=O)N4CCSC4)C3)CC2)n(-c2ccccc2)n1,Cc1cc(N2CCN([C@H]3CN[C@H](C(=O)N4CCSC4=O)C3)CC2)n(-c2ccccc2)n1 Cc1cc(N2CCN([C@H]3CN[C@H](C(=O)O)C3)CC2)n(-c2ccccc2)n1 Cc1cc(N2CCN([C@H]3CN[C@H](C(=O)N4CCS(=O)C4)C3)CC2)n(-c2ccccc2)n1 O=C([C@@H]1C[C@@H](N2CCNCC2)CN1)N1CCSC1 Cc1nn(-c2ccccc2)c(N2CCN([C@H]3CN[C@H](C(=O)N4CCSC4)C3)CC2)c1O Cc1cc(N2CCN([C@H]3CN[C@H](C(=O)N4CCSC4)C3)CC2)n(-c2ccc(O)cc2)n1
C[C@]12CC[C@@H]3c4ccc(O)c(O)c4CC[C@H]3[C@@H]1CC[C@@H]2O,C[C@]12CC[C@@H]3c4ccc(O)c(O)c4CC[C@H]3[C@@H]1CC[C@@H]2O[C@@H]1O[C@H](C(=O)O)[C@@H](O)[C@H](O)[C@H]1O C[C@]12CC[C@@H]3c4ccc(O[C@@H]5O[C@H](C(=O)O)[C@@H](O)[C@H](O)[C@H]5O)c(O)c4CC[C@H]3[C@@H]1CC[C@@H]2O C[C@]12CC[C@@H]3c4cc(O)c(O)c(O)c4CC[C@H]3[C@@H]1CC[C@@H]2O C[C@]12CC[C@@H]3c4ccc(O)c(O)c4CC[C@H]3[C@@H]1CCC2=O C[C@]12CC[C@@H]3c4ccc(O)c(O[C@@H]5O[C@H](C(=O)O)[C@@H](O)[C@H](O)[C@H]5O)c4CC[C@H]3[C@@H]1CC[C@@H]2O C[C@]12CC[C@@H]3c4ccc(O)c(O)c4CC[C@H]3[C@@H]1C[C@@H](O)[C@@H]2O
CCCCc1nc(Cl)c(C=O)n1Cc1ccc(-c2ccccc2-c2nnn[nH]2)cc1,CCCCc1nc(Cl)c(C(=O)O)n1Cc1ccc(-c2ccccc2-c2nnn[nH]2)cc1 CC(O)CCc1nc(Cl)c(C=O)n1Cc1ccc(-c2ccccc2-c2nnn[nH]2)cc1 CCCCc1nc(Cl)c(C=O)n1Cc1ccc(-c2ccccc2-c2nnn([C@@H]3O[C@H](C(=O)O)[C@@H](O)[C@H](O)[C@H]3O)n2)cc1 CCCCc1nc(Cl)c(C=O)n1Cc1ccc(-c2ccccc2-c2nn[n+](C3OC(C(=O)O)C(O)C(O)C3O)[nH]2)cc1 CCCCc1nc(Cl)c(C=O)n1Cc1ccc(-c2ccccc2-c2nnnn2C2OC(C(=O)O)C(O)C(O)C2O)cc1
CCC1(c2ccc(O)cc2)C(=O)NC(=O)NC1=O,O=C1NC(=O)C(CCO)(c2ccc(O)cc2)C(=O)N1 CCC1(c2cc(O)c(O)c(O)c2)C(=O)NC(=O)NC1=O CC(O)C1(c2ccc(O)cc2)C(=O)NC(=O)NC1=O CCC1(c2ccc(O)cc2)C(=O)NC(=O)N(O)C1=O CCC1(c2ccc(OC3OC(C(=O)O)C(O)C(O)C3O)cc2)C(=O)NC(=O)NC1=O CCC1(c2ccc(O)c(O)c2)C(=O)NC(=O)NC1=O
Nc1ccc([C@@H](O)[C@H](N)CO)cc1,Nc1ccc([C@@H](O)[C@H](N)C(=O)O)cc1 CC(=O)Nc1ccc([C@@H](O)[C@H](N)CO)cc1 Nc1ccc([C@@H](O[C@@H]2O[C@H](C(=O)O)[C@@H](O)[C@H](O)[C@H]2O)[C@H](N)CO)cc1 CC(=O)N[C@H](CO)[C@H](O)c1ccc(N)cc1 Nc1ccc([C@@H](O)[C@H](N)COP(=O)(O)O)cc1 CC(=O)Nc1ccc([C@@H](O)[C@@H](N)CO)cc1
NC(=O)c1nc(F)cnc1O,NC(=O)c1nc(F)cnc1O NC(=O)c1nc(F)c(O)nc1O NC(=O)c1nc(F)cnc1OC1OC(C(=O)O)C(O)C(O)C1O NC(=O)c1nc(F)c[nH]c1=O NC(=O)c1nc(F)c[n+]([O-])c1O O=CNC(=O)c1nc(F)cnc1O
Cc1cc2c(s1)Nc1ccccc1N=C2N1CCN(C)CC1,Cc1cc2c(s1)Nc1ccccc1N=C2N1CCN(C)C(O)C1 Cc1cc2c(s1)Nc1cc(O)ccc1N=C2N1CCN(C)CC1 Cc1cc2c(s1)Nc1ccccc1N=C2N1CC[N+](C)([O-])CC1 Cc1cc2c(s1)Nc1ccccc1N=C2N1CCN(CO)CC1 CN1CCN(C2=Nc3ccccc3Nc3sc(CO)cc32)CC1 Cc1cc2c(s1)Nc1ccc(O)cc1N=C2N1CCN(C)CC1
CCCCNc1ccc(C(=O)OCCOCCOCCOCCOCCOCCOCCOCCOCCOC)cc1,CCCCNc1ccc(C(=O)O)cc1 CCCCNc1ccc(C(=O)OCCOCCOCCOCCOCCOCCO)cc1 COCCOCCOCCOCCOCCOCCOCCOCCOC(=O)c1ccc(N)cc1 CCCCNc1ccc(C(=O)OCCOCCOCCOCCOCCOCCOCCOCCO)cc1 CCCCNc1ccc(C(=O)OCCOCCOCCOCCOCCO)cc1 CCCCNc1ccc(C(=O)OCCOCCOCCOCCOCCOCCOCCO)cc1
CCCSc1nc(N[C@@H]2C[C@H]2c2ccc(F)c(F)c2)c2nnn([C@@H]3C[C@H](OCCO)[C@@H](O)[C@H]3O)c2n1,CCCS(=O)c1nc(N[C@@H]2C[C@H]2c2ccc(F)c(F)c2)c2nnn([C@@H]3C[C@H](OCCO)[C@@H](O)[C@H]3O)c2n1 CCCSc1nc(N[C@@H]2C[C@H]2c2ccc(F)c(F)c2)c2nnn([C@@H]3C[C@H](OCC(=O)O)[C@@H](O)[C@H]3O)c2n1 CCCSc1nc(N[C@@H]2C[C@H]2c2ccc(F)c(F)c2)c2nnn([C@@H]3C[C@H](OCCO[C@@H]4O[C@H](C(=O)O)[C@@H](O)[C@H](O)[C@H]4O)[C@@H](O)[C@H]3O)c2n1 CCCSc1nc(N[C@@H]2C[C@H]2c2ccc(F)c(F)c2)c2nnn([C@@H]3C[C@H](O)[C@@H](O)[C@H]3O)c2n1 CC(O)CSc1nc(N[C@@H]2C[C@H]2c2ccc(F)c(F)c2)c2nnn([C@@H]3C[C@H](OCCO)[C@@H](O)[C@H]3O)c2n1 CCCSc1nc(N[C@@H]2C[C@H]2c2ccc(F)c(F)c2)c2nnn([C@@H]3C[C@H](OCC=O)[C@@H](O)[C@H]3O)c2n1
COc1cc(Cc2cnc(N)nc2N)cc(OC)c1OC,COc1cc(Cc2cnc(N)nc2N)cc(O)c1OC COc1cc(Cc2cnc(N)nc2N)c(O)c(OC)c1OC COc1cc(C(O)c2cnc(N)nc2N)cc(OC)c1OC COc1cc(Cc2cnc(N)[n+]([O-])c2N)cc(OC)c1OC COc1cc(Cc2cnc(NC3OC(C(=O)O)C(O)C(O)C3O)nc2N)cc(OC)c1OC COc1cc(Cc2c[n+]([O-])c(N)nc2N)cc(OC)c1OC
O=C(CO)N[C@H](CO)[C@H](O)c1ccc([N+](=O)[O-])cc1,N[C@H](CO)[C@H](O)c1ccc([N+](=O)[O-])cc1 O=C(CO)N[C@H](CO)[C@H](O[C@@H]1O[C@H](C(=O)O)[C@@H](O)[C@H](O)[C@H]1O)c1ccc([N+](=O)[O-])cc1 Nc1ccc([C@@H](O)[C@@H](CO)NC(=O)CO)cc1 O=C(COP(=O)(O)O)N[C@H](CO)[C@H](O)c1ccc([N+](=O)[O-])cc1 O=C(CO)N[C@H](COP(=O)(O)O)[C@H](O)c1ccc([N+](=O)[O-])cc1 O=C(O)C(=O)N[C@H](CO)[C@H](O)c1ccc([N+](=O)[O-])cc1
N[C@H](CO)[C@H](O)c1ccc([N+](=O)[O-])cc1,Nc1ccc([C@@H](O)[C@H](N)CO)cc1 N[C@H](CO)[C@H](O[C@@H]1O[C@H](C(=O)O)[C@@H](O)[C@H](O)[C@H]1O)c1ccc([N+](=O)[O-])cc1 CC(=O)N[C@@H](COP(=O)(O)O)[C@H](O)c1ccc([N+](=O)[O-])cc1 N[C@H](COP(=O)(O)O)[C@H](O)c1ccc([N+](=O)[O-])cc1 O=[N+]([O-])c1ccc([C@@H](O)[C@@H](CO)NO)cc1 O=[N+]([O-])c1ccc([C@@H](O)CO)cc1
CN(C)CCCN1c2ccccc2CCc2ccccc21,CN(C)CCCN1c2ccccc2CCc2ccc(O)cc21 CNCCCN1c2ccccc2CCc2ccccc21 CN(C)CCCN1c2ccccc2CCc2cc(O)ccc21 O=C(O)CCN1c2ccccc2CCc2ccccc21 CN(C)CCCN1c2ccccc2CC(O)c2ccccc21
CNCC[C@@H](Oc1ccccc1C)c1ccccc1,CNCC[C@@H](Oc1ccccc1CO)c1ccccc1 Cc1ccccc1O[C@H](CCN)c1ccccc1 CNCC[C@@H](Oc1ccccc1C)c1ccc(O)cc1 CNCC[C@@H](Oc1cccc(O)c1C)c1ccccc1 CNCC[C@@H](Oc1ccc(O)cc1C)c1ccccc1 CNCC[C@@](O)(Oc1ccccc1C)c1ccccc1
CN1C(C(O)=Nc2ncc(CO)s2)=C(O)c2ccccc2S1(=O)=O,CN1C(C(O)=Nc2ncc(C(=O)O)s2)=C(O)c2ccccc2S1(=O)=O CN1C(C(=O)Nc2ncc(CO)s2)=C(O)c2ccccc2S1(=O)=O CN1C(C(O)=Nc2ncc(C=O)s2)=C(O)c2ccccc2S1(=O)=O CN1C(C(O)=Nc2ncc(COC3OC(C(=O)O)C(O)C(O)C3O)s2)=C(O)c2ccccc2S1(=O)=O CN1C(C(O)=Nc2ncc(CO)s2)=C(OC2OC(C(=O)O)C(O)C(O)C2O)c2ccccc2S1(=O)=O CN1C(C(O)=Nc2nc(O)c(CO)s2)=C(O)c2ccccc2S1(=O)=O
CC(C)(N)Cc1ccccc1,CC(C)(N)Cc1cccc(O)c1 CC(C)(O)Cc1ccccc1 CC(C)(N)C(O)c1ccccc1 CC(C)(Cc1ccccc1)NO CC(C)(N)Cc1ccc(O)cc1 CC(N)(CO)Cc1ccccc1
Cn1c(=O)c2c(ncn2C)n(C)c1=O,Cn1cnc2c1c(=O)[nH]c(=O)n2C Cn1c(=O)[nH]c2ncn(C)c2c1=O Cn1c(=O)c2c(ncn2CO)n(C)c1=O Cn1c(=O)c2c(nc(O)n2C)n(C)c1=O Cn1c(=O)c2[nH]cnc2n(C)c1=O
CCOC(=O)c1c(CS(=O)c2ccccc2)n(C)c2cc(Br)c(O)c(CNC)c12,CCOC(=O)c1c(CS(=O)c2ccc(O)cc2)n(C)c2cc(Br)c(O)c(CNC)c12 CCOC(=O)c1c(CS(=O)(=O)c2ccccc2)n(C)c2cc(Br)c(O)c(CNC)c12 CCOC(=O)c1c(CS(=O)c2ccccc2)n(C)c2cc(Br)c(OS(=O)(=O)O)c(CNC)c12 CNCc1c(O)c(Br)cc2c1c(C(=O)O)c(CS(=O)(=O)c1ccccc1)n2C CCOC(=O)c1c(CS(=O)c2ccccc2)n(C)c2cc(Br)c(O)c(CN)c12 CNCc1c(O)c(Br)cc2c1c(C(=O)O)c(CS(=O)c1ccccc1)n2C
CCOC(=O)c1c(CS(=O)c2ccccc2)n(C)c2cc(Br)c(O)c(CN(C)C)c12,CN(C)Cc1c(O)c(Br)cc2c1c(C(=O)O)c(CS(=O)c1ccccc1)n2C CN(C)Cc1c(O)c(Br)cc2c1c(C(=O)O)c(CS(=O)(=O)c1ccccc1)n2C CCOC(=O)c1c(CS(=O)(=O)c2ccccc2)n(C)c2cc(Br)c(O)c(CN(C)C)c12 CCOC(=O)c1c(CSc2ccccc2)[nH]c2cc(Br)c(O)c(CN(C)C)c12 CCOC(=O)c1c(CS(=O)c2ccccc2)n(C)c2cc(Br)c(OS(=O)(=O)O)c(CN(C)C)c12 CCOC(=O)c1c(CS(=O)c2ccc(O)cc2)n(C)c2cc(Br)c(O)c(CN(C)C)c12
CN1c2ccccc2C(=O)N2CCc3c([nH]c4ccccc34)C21,O=C1c2ccccc2N(CO)C2c3[nH]c4ccccc4c3CCN12 CN1c2ccccc2C(=O)N2CCc3c([nH]c4cc(O)ccc34)C21 CN1c2ccccc2C(=O)N2CC(O)c3c([nH]c4ccccc34)C21 O=C1c2ccccc2NC2c3[nH]c4ccccc4c3CCN12 CN1c2ccccc2C(=O)N2CCc3c([nH]c4ccc(O)cc34)C21 O=c1c2ccccc2nc2n1CCc1c-2[nH]c2ccccc12
Cc1ccc(-n2nccn2)c(C(=O)N2CCN(c3nc4cc(Cl)ccc4o3)CCC2C)c1,Cc1ccc(-n2nccn2)c(C(=O)N2CCN(c3nc4cc(Cl)ccc4o3)CCC2(C)O)c1 Cc1ccc(-n2nccn2)c(C(=O)N2CCN(c3nc4cc(Cl)ccc4o3)C(O)CC2C)c1 CC1CCN(c2nc3cc(Cl)ccc3o2)CCN1C(=O)c1cc(CO)ccc1-n1nccn1 Cc1ccc(-n2ncc(O)n2)c(C(=O)N2CCN(c3nc4cc(Cl)ccc4o3)CCC2C)c1 Cc1ccc(-n2nccn2)c(C(=O)N2CCN(c3nc4cc(Cl)ccc4o3)CC(O)C2C)c1 Cc1ccc(-n2nccn2)c(C(=O)N2CCN(c3nc4cc(Cl)c(O)cc4o3)CCC2C)c1
N=C(N)NC(=O)Cc1c(Cl)ccc(O)c1Cl,NC(=O)Cc1c(Cl)ccc(O)c1Cl N/C(=N/O)NC(=O)Cc1c(Cl)ccc(O)c1Cl N=C(N)NC(=O)Cc1c(Cl)ccc(O)c1OC1OC(C(=O)O)C(O)C(O)C1O N=C(N)NC(=O)Cc1c(Cl)cc(O)c(O)c1Cl N=C(N)NC(=O)Cc1cc(O)ccc1Cl N=C(N)NC(=O)Cc1c(Cl)ccc(OC2OC(C(=O)O)C(O)C(O)C2O)c1Cl
CC[C@H]1OC(=O)[C@H](C)C(=O)[C@H](C)[C@@H](O[C@@H]2O[C@H](C)C[C@H](NC)[C@H]2O)[C@](C)(OCC=Cc2cnc3ccccc3c2)C[C@@H](C)C(=O)[C@H](C)[C@H]2NC(=O)O[C@]12C,CC[C@H]1OC(=O)[C@H](C)C(=O)[C@H](C)[C@@H](O[C@@H]2O[C@H](C)C[C@H](NC)[C@H]2O)[C@](C)(OCC=Cc2cnc3ccccc3c2)C[C@@H](C)C(=O)[C@H](C)[C@H]2NC(=O)O[C@]12C CC[C@H]1OC(=O)[C@H](C)C(=O)[C@H](C)[C@@H](O[C@@H]2O[C@H](C)C[C@H](N)[C@H]2O)[C@](C)(OCC=Cc2cnc3ccccc3c2)C[C@@H](C)C(=O)[C@H](C)[C@H]2NC(=O)O[C@]12C CC[C@H]1OC(=O)[C@H](C)C(=O)[C@H](C)[C@@H](O)[C@](C)(OCC=Cc2cnc3ccccc3c2)C[C@@H](C)C(=O)[C@H](C)[C@H]2NC(=O)O[C@]12C CC[C@H]1OC(=O)[C@H](C)C(=O)[C@H](C)[C@@H](O[C@@H]2O[C@H](C)C[C@H](NC)[C@H]2O)[C@](C)(OCC=Cc2cnc3ccccc3c2)C[C@@H](C)C(=O)[C@H](CO)[C@H]2NC(=O)O[C@]12C
O=C1N[C@@H](Cc2ccc3[nH]cc(CCO)c3c2)CO1,O=C1N[C@@H](Cc2ccc3[nH]c(O)c(CCO)c3c2)CO1 O=C1N[C@@H](Cc2ccc3[nH]cc(CCOC4OC(C(=O)O)C(O)C(O)C4O)c3c2)CO1 O=C(O)Cc1c[nH]c2ccc(C[C@H]3COC(=O)N3)cc12 O=C1OC[C@@H]2Cc3ccc4[nH]cc(c4c3)CCN12 O=C1OC[C@H](Cc2ccc3[nH]cc(CCO)c3c2)N1O O=CCc1c[nH]c2ccc(C[C@H]3COC(=O)N3)cc12
CC(C)CNCc1ccc(-c2ccccc2S(=O)(=O)N2CCCC2)cc1,CC(C)CNCc1ccc(-c2ccccc2S(=O)(=O)N2CCCC2O)cc1 CC(C)CNCc1ccc(-c2ccccc2S(=O)(=O)N2CCC(O)C2)cc1 CC(C)(O)CNCc1ccc(-c2ccccc2S(=O)(=O)N2CCCC2)cc1 CC(C)C(=O)NCc1ccc(-c2ccccc2S(=O)(=O)N2CCCC2)cc1 CC(CO)CNCc1ccc(-c2ccccc2S(=O)(=O)N2CCCC2)cc1 NCc1ccc(-c2ccccc2S(=O)(=O)N2CCCC2)cc1
CCC[C@@H]1C[C@@H](C(=O)NC(C(C)Cl)[C@H]2O[C@H](SC)[C@H](O)[C@@H](O)[C@H]2O)N(C)C1,CCC[C@@H]1C[C@@H](C(=O)NC(C(C)Cl)[C@H]2O[C@H](S(C)=O)[C@H](O)[C@@H](O)[C@H]2O)N(C)C1 CCC[C@@H]1C[C@@H](C(=O)NC(C(C)Cl)[C@H]2O[C@H](SC)[C@H](O)[C@@H](O[C@@H]3O[C@H](C(=O)O)[C@@H](O)[C@H](O)[C@H]3O)[C@H]2O)N(C)C1 CCC[C@H]1CN[C@H](C(=O)NC(C(C)Cl)[C@H]2O[C@H](SC)[C@H](O)[C@@H](O)[C@H]2O)C1 CCC[C@@H]1C[C@@H](C(=O)NC(C(C)Cl)[C@H]2O[C@H](SC)[C@H](O[C@@H]3O[C@H](C(=O)O)[C@@H](O)[C@H](O)[C@H]3O)[C@@H](O)[C@H]2O)N(C)C1 CCC[C@@H]1C[C@@H](C(=O)NC(C(C)Cl)[C@H]2O[C@H](SC)[C@H](O)[C@@H](O)[C@H]2O[C@@H]2O[C@H](C(=O)O)[C@@H](O)[C@H](O)[C@H]2O)N(C)C1 CCC[C@@H]1C[C@@H](C(=O)O)N(C)C1
CCC1(c2ccccc2)C(=O)NC(=O)NC1=O,CCC1(c2ccc(O)cc2)C(=O)NC(=O)NC1=O CCC1(c2ccccc2)C(=O)NC(=O)N(O)C1=O O=C1NC(=O)C(CCO)(c2ccccc2)C(=O)N1 CCC1(c2ccccc2)C(=O)NC(=O)NC1O CC(O)C1(c2ccccc2)C(=O)NC(=O)NC1=O
CC1(C=O)S[C@@H]2[C@H](NC(=O)[C@H](N)c3ccc(O)cc3)C(=O)N2[C@H]1C(=O)O,CC1(C=O)S[C@@H]2[C@H](NC(=O)Cc3ccc(O)cc3)C(=O)N2[C@H]1C(=O)O CC1(CO)S[C@@H]2[C@H](NC(=O)[C@H](N)c3ccc(O)cc3)C(=O)N2[C@H]1C(=O)O CC1(C(=O)O)S[C@@H]2[C@H](NC(=O)[C@H](N)c3ccc(O)cc3)C(=O)N2[C@H]1C(=O)O CC1(C=O)S[C@@H]2[C@H](NC(=O)[C@@H](N=C(O)CC[C@H](N)C(=O)O)c3ccc(O)cc3)C(=O)N2[C@H]1C(=O)O CC1(C=O)S[C@@H]2[C@H](NC(=O)[C@H](N)c3ccc(OS(=O)(=O)O)cc3)C(=O)N2[C@H]1C(=O)O CC1S[C@@H]2[C@H](NC(=O)[C@H](N)c3ccc(O)cc3)C(=O)N2[C@H]1C(=O)O
CC1(C)CCC(CN2CCN(c3ccc(C(=O)NS(=O)(=O)c4ccc(NCC5CCOCC5)c([N+](=O)[O-])c4)c(Oc4cnc5[nH]ccc5c4)c3)CC2)=C(c2ccc(Cl)cc2)C1,CC1(C)CCC(CN2CCN(c3ccc(C(=O)NS(=O)(=O)c4ccc(NCC5CCOCC5)c([N+](=O)[O-])c4)c(Oc4cnc5[nH]ccc5c4)c3)CC2)=C(c2ccc(Cl)c(O)c2)C1 CC1(C)CCC(CN2CCN(c3ccc(C(=O)NS(=O)(=O)c4ccc(NCC5CCOCC5)c([N+](=O)[O-])c4)c(Oc4cnc5[nH]ccc5c4)c3)CC2)=C(c2ccc(Cl)cc2)C1O CC1(C)CCC(CN2CCN(c3ccc(C(=O)NS(=O)(=O)c4ccc(N)c([N+](=O)[O-])c4)c(Oc4cnc5[nH]ccc5c4)c3)CC2)=C(c2ccc(Cl)cc2)C1 CC1(C)CCC(CN2CCN(c3ccc(C(=O)NS(=O)(=O)c4ccc(NCC5CCOCC5)c([N+](=O)[O-])c4)c(Oc4cnc5[nH]c(O)cc5c4)c3)CC2)=C(c2ccc(Cl)cc2)C1 CC1(CO)CCC(CN2CCN(c3ccc(C(=O)NS(=O)(=O)c4ccc(NCC5CCOCC5)c([N+](=O)[O-])c4)c(Oc4cnc5[nH]ccc5c4)c3)CC2)=C(c2ccc(Cl)cc2)C1 CC1(C)CCC(CN2CCN(c3ccc(C(=O)NS(=O)(=O)c4ccc(NCC5CCOCC5)c([N+](=O)[O-])c4)c(Oc4cnc5[nH]ccc5c4)c3)CC2)=C(c2ccc(Cl)cc2O)C1
N#Cc1ccc(C(O)c2ccc(C#N)cc2)cc1,N#Cc1ccc(C(=O)c2ccc(C#N)cc2)cc1 N#Cc1ccc(C(O)c2ccc(C(=N)N)cc2)cc1 N#Cc1ccc(C(OC2OC(C(=O)O)C(O)C(O)C2O)c2ccc(C#N)cc2)cc1 N#Cc1ccc(C(O)c2ccc(C#N)c(O)c2)cc1 N#Cc1ccc(Cc2ccc(C#N)cc2)cc1
N#C[C@@]1(c2ccc3c(N)ncnn23)O[C@H](COP(=O)([O-])[O-])[C@@H](O)[C@H]1O,N#C[C@@]1(c2ccc3c(N)ncnn23)O[C@H](COP(=O)(O)O)[C@@H](OP(=O)(O)O)[C@H]1O N#C[C@@]1(c2ccc3c(N)ncnn23)O[C@H](COP(=O)(O)OP(=O)(O)O)[C@@H](O)[C@H]1O N#C[C@@]1(c2ccc3c(N)ncnn23)O[C@H](CO)[C@@H](O)[C@H]1O N#C[C@@]1(c2ccc3c(N)ncnn23)O[C@H](COP(=O)(O)O)[C@@H](O)[C@H]1OP(=O)(O)O N#C[C@]1(c2ccc3c(N)ncnn23)C[C@H](O)[C@@H](COP(=O)(O)O)O1 N#C[C@@]1(c2ccc3c(N)ncnn23)O[C@H](COP(=O)(O)O)[C@@H](O)C1=O
Cc1cccc(CN2CCN(C(c3ccccc3)c3ccc(Cl)cc3)CC2)c1,Cc1cccc(CN2CCN(C(c3ccccc3)c3ccc(Cl)cc3)CC2O)c1 OCc1cccc(CN2CCN(C(c3ccccc3)c3ccc(Cl)cc3)CC2)c1 Cc1cc(CN2CCN(C(c3ccccc3)c3ccc(Cl)cc3)CC2)ccc1O Cc1cccc(CN2CCN(C(c3ccccc3)c3ccc(Cl)c(O)c3)CC2)c1 Cc1cccc(CN2CCN(C(c3ccc(O)cc3)c3ccc(Cl)cc3)CC2)c1 Cc1cccc(CN2CCN(C(c3ccccc3)c3ccc(Cl)cc3)CC2)c1O
CCOC(=O)c1c(CSc2ccccc2)n(C)c2cc(Br)c(O)c(CNC)c12,CCOC(=O)c1c(C)n(C)c2cc(Br)c(O)c(CNC)c12 CCOC(=O)c1c(CSc2ccc(O)cc2)n(C)c2cc(Br)c(O)c(CNC)c12 CCOC(=O)c1c(CSc2ccccc2)n(C)c2cc(Br)c(O)c(CN)c12 CNCc1c(O)c(Br)cc2c1c(C(=O)O)c(CSc1ccccc1)n2C CCOC(=O)c1c(CS(=O)(=O)c2ccccc2)n(C)c2cc(Br)c(O)c(CNC)c12 CCOC(=O)c1c(CSc2ccccc2)n(C)c2cc(Br)c(OS(=O)(=O)O)c(CNC)c12
CC(C)NCC(O)COc1ccc(CC(N)=O)cc1,CC(C)NCC(O)COc1ccc(CC(=O)O)cc1 CC(C)NCC(COc1ccc(CC(N)=O)cc1)OC1OC(C(=O)O)C(O)C(O)C1O CC(C)NC(O)C(O)COc1ccc(CC(N)=O)cc1 NCC(O)COc1ccc(CC(N)=O)cc1 CC(C)(O)NCC(O)COc1ccc(CC(N)=O)cc1
CN1CCN(CCCN2c3ccccc3Sc3ccc(Cl)cc32)CC1,C[N+]1([O-])CCN(CCCN2c3ccccc3Sc3ccc(Cl)cc32)CC1 CN1CCN(CCCN2c3ccccc3S(=O)c3ccc(Cl)cc32)CC1 C[N+]1(C2OC(C(=O)O)C(O)C(O)C2O)CCN(CCCN2c3ccccc3Sc3ccccc32)CC1 CN1CCN(CCCN2c3cc(O)ccc3Sc3ccc(Cl)cc32)CC1 CN1CCN(CCCN2c3ccc(O)cc3Sc3ccc(Cl)cc32)CC1
CCOC(=O)c1c(CO)n(C)c2cc(Br)c(O)c(CN(C)C)c12,CCOC(=O)c1c(CO)n(C)c2cc(Br)c(O)c(C[N+](C)(C)[O-])c12 CCOC(=O)c1c(CO)n(C)c2cc(Br)c(OS(=O)(=O)O)c(CN(C)C)c12 CN(C)Cc1c(O)c(Br)cc2c1c(C(=O)O)c(CO)n2C CCOC(=O)c1c(CO)n(C)c2cc(Br)c(O)c(CN(C)C)c12 CCOC(=O)c1c(COC2OC(C(=O)O)C(O)C(O)C2O)n(C)c2cc(Br)c(O)c(CN(C)C)c12 CCOC(=O)c1c(CO)n(C)c2cc(Br)c(O)c(CN(C)CO)c12
OCc1nnc2n1-c1ccc(Cl)cc1C(c1ccccc1)=NC2,O=C(O)c1nnc2n1-c1ccc(Cl)cc1C(c1ccccc1)=NC2 Clc1ccc2c(c1)C(c1ccccc1)=NCc1nncn1-2 O=C(O)C1OC(OCc2nnc3n2-c2ccc(Cl)cc2C(c2ccccc2)=NC3)C(O)C(O)C1O OCc1nnc2n1-c1ccc(Cl)cc1C(c1ccc(O)cc1)=NC2 OCc1nnc2n1-c1ccc(Cl)cc1C(c1ccccc1)=NC2O O=Cc1nnc2n1-c1ccc(Cl)cc1C(c1ccccc1)=NC2
NC1(c2ccccc2Cl)CCCCC1=O,NC1(c2ccccc2Cl)CC(O)CCC1=O NC1(c2ccc(O)cc2Cl)CCCCC1=O NC1(c2ccccc2Cl)CCC(O)CC1=O O=C1CCCCC1c1ccccc1Cl NC1(c2ccccc2Cl)CC=CCC1=O NC1(c2ccccc2Cl)CCCC(O)C1=O
NC(=O)NS(=O)(=O)c1ccc(Cl)cc1,O=CNC(=O)NS(=O)(=O)c1ccc(Cl)cc1 NC(=O)NS(=O)(=O)c1ccc(Cl)c(O)c1 NS(=O)(=O)c1ccc(Cl)cc1 O=C(O)NS(=O)(=O)c1ccc(Cl)cc1 O=C=NS(=O)(=O)c1ccc(Cl)cc1 NC(=O)NS(=O)(=O)c1ccc(Cl)cc1O
NC(CCCCCNOC(=O)CCCC[C@@H]1SC[C@@H]2NC(=O)N[C@H]12)C(=O)O,O=C(O)CCCC[C@@H]1SC[C@@H]2NC(=O)N[C@@H]12 NCCCCCCNOC(=O)CCCC[C@@H]1SC[C@@H]2NC(=O)N[C@@H]12 NC(CCCCCNOC(=O)C(O)CCC[C@@H]1SC[C@@H]2NC(=O)N[C@@H]12)C(=O)O NCCCCCC(N)C(=O)O N[C@@H](CCCCCNO)C(=O)O NC(CCCCCNOC(=O)CCCC[C@@H]1SC[C@@H]2NC(=O)N[C@@H]12)C(=O)OC1OC(C(=O)O)C(O)C(O)C1O
C[C@@H]1CC[C@H]2[C@@H](C)[C@H](OC(=O)CCC(=O)O)O[C@@H]3O[C@@]4(C)CC[C@@H]1[C@@]23OO4,C[C@@H]1C[C@H](O)[C@H]2[C@@H](C)[C@H](OC(=O)CCC(=O)O)O[C@@H]3O[C@@]4(C)CC[C@@H]1[C@]32OO4 C[C@@H]1CC[C@H]2[C@@H](C)[C@H](OC(=O)CCC(=O)O)O[C@@H]3O[C@](C)(O)CC[C@@H]1[C@]23O C[C@H]1[C@H](OC(=O)CCC(=O)O)O[C@@H]2O[C@]3(C)C[C@H](O)[C@H]4[C@H](C)CC[C@@H]1[C@@]24OO3 C[C@@H]1CC[C@H]2[C@@H](C)[C@H](O)O[C@@H]3O[C@@]4(C)CC[C@@H]1[C@@]23OO4 C[C@@H]1CC[C@H]2[C@@H](CO)[C@H](OC(=O)CCC(=O)O)O[C@@H]3O[C@@]4(C)CC[C@@H]1[C@@]23OO4
N=C(N)Nc1ccc(C(=O)Oc2ccc(CC(=O)O)cc2)cc1,N=C(N)Nc1ccc(C(=O)Oc2ccc(C(O)C(=O)O)cc2)cc1 N/C(=N\O)Nc1ccc(C(=O)Oc2ccc(CC(=O)O)cc2)cc1 Nc1ccc(C(=O)Oc2ccc(CC(=O)O)cc2)cc1 N=C(N)Nc1ccc(C(=O)Oc2ccc(CC(=O)OC3OC(C(=O)O)C(O)C(O)C3O)cc2)cc1 N=C(N)Nc1ccc(C(=O)O)cc1
COc1cc2nc(N3CCN(C(=O)C4CCCO4)CC3)nc(N)c2cc1OC,COc1cc2[nH]c(=N)[nH]c(=N)c2cc1OC COc1cc2nc(N3CCNCC3)nc(N)c2cc1OC COc1cc2nc(N3CCN(C(=O)C4CCCO4)CC3)nc(NC3OC(C(=O)O)C(O)C(O)C3O)c2cc1OC COc1cc2nc(N)nc(N)c2cc1OC COc1cc2nc(N3CCN(C(=O)C4CCCO4)CC3)nc(N)c2cc1O COc1cc2c(N)nc(N3CCN(C(=O)C4CCCO4)CC3)nc2cc1O
COc1cc2nccc(Oc3ccc(NC(=O)NC4CC4)c(Cl)c3)c2cc1C(N)=O,COc1cc2nccc(Oc3ccc(NC(=O)NC4CC4O)c(Cl)c3)c2cc1C(N)=O COc1cc2nc(O)cc(Oc3ccc(NC(=O)NC4CC4)c(Cl)c3)c2cc1C(N)=O COc1cc2c(cc1C(N)=O)c(Oc1ccc(NC(=O)NC3CC3)c(Cl)c1)cc[n+]2[O-] COc1cc2nccc(Oc3ccc(NC(=O)NC4CC4)c(Cl)c3)c2cc1C(=O)O COc1cc2nccc(Oc3ccc(NC(=O)NC4CC4)c(Cl)c3)c2cc1C(=O)NC1OC(C(=O)O)C(O)C(O)C1O NC(=O)c1cc2c(Oc3ccc(NC(=O)NC4CC4)c(Cl)c3)ccnc2cc1O
Cc1cccc(C)c1OCC(=O)N[C@@H](Cc1ccccc1)[C@@H](O)C[C@H](Cc1ccccc1)NC(=O)[C@H](C(C)C)N1CCCNC1=O,Cc1cccc(C)c1OCC(=O)N[C@@H](Cc1ccccc1)[C@@H](O)C(O)[C@H](Cc1ccccc1)NC(=O)[C@H](C(C)C)N1CCCNC1=O Cc1cccc(C)c1OCC(=O)N[C@@H](Cc1ccccc1)[C@@H](O)C[C@H](Cc1ccc(O)cc1)NC(=O)[C@H](C(C)C)N1CCCNC1=O Cc1cccc(C)c1OCC(=O)N[C@@H](Cc1ccccc1)[C@@H](O)C[C@H](Cc1ccccc1)NC(=O)[C@H](C(C)C)N1CCC(O)NC1=O Cc1cccc(C)c1OCC(=O)N[C@@H](Cc1ccc(O)cc1)[C@@H](O)C[C@H](Cc1ccccc1)NC(=O)[C@H](C(C)C)N1CCCNC1=O Cc1cccc(CO)c1OCC(=O)N[C@@H](Cc1ccccc1)[C@@H](O)C[C@H](Cc1ccccc1)NC(=O)[C@H](C(C)C)N1CCCNC1=O Cc1cc(O)cc(C)c1OCC(=O)N[C@@H](Cc1ccccc1)[C@@H](O)C[C@H](Cc1ccccc1)NC(=O)[C@H](C(C)C)N1CCCNC1=O
O=C1Cc2cc(CCN3CCN(C4=NS(=O)c5ccccc54)CC3)c(Cl)cc2N1,O=C1Cc2cc(CCN3CCN(C4=NS(=O)c5cc(O)ccc54)CC3)c(Cl)cc2N1 O=S1N=C(N2CCNCC2)c2ccccc21 O=C1Nc2cc(Cl)c(CCN3CCN(C4=NS(=O)c5ccccc54)CC3)cc2C1O O=C1Cc2cc(CCN3CCN(C4=NS(=O)c5ccccc54)CC3)c(Cl)cc2N1O O=C1Cc2cc(CCN3CCN(C4=NS(=O)c5ccc(O)cc54)CC3)c(Cl)cc2N1 O=C1Cc2cc(CCN3CCN(C4NS(=O)c5ccccc54)CC3)c(Cl)cc2N1
O=C(O)CCC(=O)OC[C@@H](NC(=O)C(Cl)Cl)[C@H](O)c1ccc([N+](=O)[O-])cc1,O=C(O)CCC(=O)OC[C@@H](NC(=O)CCl)[C@H](O)c1ccc([N+](=O)[O-])cc1 O=C(O)CCC(=O)OC[C@@H](NC(=O)C(Cl)Cl)[C@@H](OC1OC(C(=O)O)C(O)C(O)C1O)c1ccc([N+](=O)[O-])cc1 O=C(O)CCC(=O)OC[C@@H](NC(=O)C(Cl)Cl)C(=O)c1ccc([N+](=O)[O-])cc1 O=C(N[C@H](CO)[C@H](O)c1ccc([N+](=O)[O-])cc1)C(Cl)Cl N[C@H](COC(=O)CCC(=O)O)[C@H](O)c1ccc([N+](=O)[O-])cc1 Nc1ccc([C@@H](O)[C@@H](COC(=O)CCC(=O)O)NC(=O)C(Cl)Cl)cc1
O=S1(=O)N=C(N2CCNCC2)c2ccccc21,O=S1(=O)N=C(N2CCNCC2)c2cc(O)ccc21 O=S1(=O)N=C(N2CCNCC2)c2ccc(O)cc21 O=C1CN(C2=NS(=O)(=O)c3ccccc32)CCN1 O=S1(=O)N=C([N+]2([O-])CCNCC2)c2ccccc21 O=S1(=O)N=C(N2CCNCC2O)c2ccccc21 O=S1(=O)N=C(N2CCN(O)CC2)c2ccccc21
O=C(O)c1cn(C2CC2)c2cc(N3CCNCC3)c(F)cc2c1=O,O=C(O)c1c[nH]c2cc(N3CCNCC3)c(F)cc2c1=O O=C1CN(c2cc3c(cc2F)c(=O)c(C(=O)O)cn3C2CC2)CCN1 O=C(O)c1cn(C2CC2)c2cc([N+]3([O-])CCNCC3)c(F)cc2c1=O O=C(O)c1cn(C2CC2)c2cc(N3CCN(C4OC(C(=O)O)C(O)C(O)C4O)CC3)c(F)cc2c1=O O=C(O)c1cn(C2CC2)c2cc(N3CCNCC3=O)c(F)cc2c1=O O=C(OC1OC(C(=O)O)C(O)C(O)C1O)c1cn(C2CC2)c2cc(N3CCNCC3)c(F)cc2c1=O
O=C(NOCCO)c1cc2[nH]cnc2c(F)c1Nc1ccc(Br)cc1Cl,O=C(O)CONC(=O)c1cc2[nH]cnc2c(F)c1Nc1ccc(Br)cc1Cl O=C(NOCCO)c1cc2[nH]cnc2c(F)c1N(O)c1ccc(Br)cc1Cl O=C(NOCCO)c1cc2[nH]c(=O)[nH]c2c(F)c1Nc1ccc(Br)cc1Cl O=CCONC(=O)c1cc2[nH]cnc2c(F)c1Nc1ccc(Br)cc1Cl O=C(NOCCO)c1cc2[nH]cnc2c(F)c1Nc1ccc(Br)c(O)c1Cl O=C(NOCCOC1OC(C(=O)O)C(O)C(O)C1O)c1cc2[nH]cnc2c(F)c1Nc1ccc(Br)cc1Cl
OCCOCCN1CCN(C(c2ccccc2)c2ccc(Cl)cc2)CC1,O=C(O)C1OC(OCCOCCN2CCN(C(c3ccccc3)c3ccc(Cl)cc3)CC2)C(O)C(O)C1O O=C(O)COCCN1CCN(C(c2ccccc2)c2ccc(Cl)cc2)CC1 OCCN1CCN(C(c2ccccc2)c2ccc(Cl)cc2)CC1 O=CCOCCN1CCN(C(c2ccccc2)c2ccc(Cl)cc2)CC1 Clc1ccc(C(c2ccccc2)N2CCNCC2)cc1 OCCOCCN1CCN(C(c2ccc(O)cc2)c2ccc(Cl)cc2)CC1
C#C[C@]1(O)CC[C@H]2[C@@H]3CC(O)c4cc(O)ccc4[C@H]3CC[C@@]21C,C#C[C@]1(O)CC[C@H]2[C@@H]3CC(O)c4cc(OC5O[C@H](C(=O)O)[C@@H](O)[C@H](O)[C@H]5O)ccc4[C@H]3CC[C@@]21C C#C[C@]1(O)CC[C@H]2[C@@H]3CC(OC4O[C@H](C(=O)O)[C@@H](O)[C@H](O)[C@H]4O)c4cc(O)ccc4[C@H]3CC[C@@]21C C#C[C@]1(O)CC[C@H]2[C@@H]3CC(O)c4cc(O)c(O)cc4[C@H]3CC[C@@]21C C#C[C@]1(O)CC[C@H]2[C@@H]3CC(=O)c4cc(O)ccc4[C@H]3CC[C@@]21C C#C[C@]1(O)[C@@H](O)C[C@H]2[C@@H]3CC(O)c4cc(O)ccc4[C@H]3CC[C@@]21C C#C[C@]1(O)CC[C@H]2[C@@H]3CC(O)c4c(ccc(O)c4O)[C@H]3CC[C@@]21C
CC(=O)O[C@H](c1ccc([N+](=O)[O-])cc1)[C@@H](CO)NC(=O)C(Cl)Cl,CC(=O)O[C@H](c1ccc([N+](=O)[O-])cc1)[C@H](N)CO CC(=O)O[C@H](c1ccc([N+](=O)[O-])cc1)[C@@H](NC(=O)C(Cl)Cl)C(=O)O CC(=O)O[C@H](c1ccc([N+](=O)[O-])cc1)[C@@H](COC1OC(C(=O)O)C(O)C(O)C1O)NC(=O)C(Cl)Cl O=C(N[C@H](CO)[C@H](O)c1ccc([N+](=O)[O-])cc1)C(Cl)Cl CC(=O)O[C@H](c1ccc([N+](=O)[O-])cc1)[C@@H](CO)NC(=O)O O=C(N[C@H](COP(=O)(O)O)[C@H](O)c1ccc([N+](=O)[O-])cc1)C(Cl)Cl
C#C[C@]1(O)[C@H](O)C[C@H]2[C@@H]3CCc4cc(O)ccc4[C@H]3CC[C@@]21C,C#C[C@]1(O)C(=O)C[C@H]2[C@@H]3CCc4cc(O)ccc4[C@H]3CC[C@@]21C C#C[C@]1(O)[C@H](O)C[C@H]2[C@@H]3CCc4cc(O)c(O)cc4[C@H]3CC[C@@]21C C#C[C@]1(O)[C@H](O[C@@H]2O[C@H](C(=O)O)[C@@H](O)[C@H](O)[C@H]2O)C[C@H]2[C@@H]3CCc4cc(O)ccc4[C@H]3CC[C@@]21C C#C[C@]1(O)[C@H](O)C[C@H]2[C@@H]3CCc4cc(OC5O[C@H](C(=O)O)[C@@H](O)[C@H](O)[C@H]5O)ccc4[C@H]3CC[C@@]21C C#C[C@]1(O)[C@H](O)C[C@H]2[C@@H]3CCC4=CC(=O)CC[C@]4(C)[C@H]3CC[C@@]21C C#C[C@]1(O)[C@H](O)C[C@H]2[C@@H]3C[C@@H](O)c4cc(O)ccc4[C@H]3CC[C@@]21C
C#C[C@]1(O)CC[C@H]2[C@@H]3C(O)Cc4cc(O)ccc4[C@H]3CC[C@@]21C,C#C[C@]1(O)CC[C@H]2[C@@H]3C(=O)Cc4cc(O)ccc4[C@H]3CC[C@@]21C C#C[C@]1(O)CC[C@H]2[C@@H]3C(O)Cc4cc(O)c(O)cc4[C@H]3CC[C@@]21C C#C[C@]1(O)CC[C@H]2[C@@H]3C(O)CC4=CC(=O)CC[C@]4(C)[C@H]3CC[C@@]21C C#C[C@]1(O)CC[C@H]2[C@H]3[C@H](CC[C@@]21C)c1ccc(O)cc1C(O)[C@H]3O C#C[C@]1(O)CC[C@H]2[C@@H]3C(OC)Cc4cc(O)ccc4[C@H]3CC[C@@]21C C#C[C@]1(O)CC[C@H]2[C@@H]3C(O)Cc4cc(OC5O[C@H](C(=O)O)[C@@H](O)[C@H](O)[C@H]5O)ccc4[C@H]3CC[C@@]21C
CN[C@@H](C)[C@@H](O)c1ccccc1,C[C@@H]([C@@H](O)c1ccccc1)N(C)O C[C@@H](NCO)[C@@H](O)c1ccccc1 CN[C@@H](C)C(=O)c1ccccc1 CN[C@@H](C)Cc1ccccc1 CN[C@@H](C)[C@@H](O)c1ccc(O)cc1 CN[C@@H](C)[C@@H](O[C@@H]1O[C@H](C(=O)O)[C@@H](O)[C@H](O)[C@H]1O)c1ccccc1
CS(=O)(=O)CCNCc1ccc(-c2ccc3ncnc(Nc4ccc(OCc5cccc(F)c5)c(Cl)c4)c3c2)o1,CS(=O)(=O)CC(=O)NCc1ccc(-c2ccc3ncnc(Nc4ccc(OCc5cccc(F)c5)c(Cl)c4)c3c2)o1 CS(=O)(=O)CCN=Cc1ccc(-c2ccc3ncnc(Nc4ccc(OCc5cccc(F)c5)c(Cl)c4)c3c2)o1 O=Cc1ccc(-c2ccc3ncnc(Nc4ccc(OCc5cccc(F)c5)c(Cl)c4)c3c2)o1 CS(=O)(=O)CCNCc1ccc(-c2ccc3ncnc(Nc4ccc(OC(O)c5cccc(F)c5)c(Cl)c4)c3c2)o1 CS(=O)(=O)CCNCc1ccc(-c2ccc3nc(O)nc(Nc4ccc(OCc5cccc(F)c5)c(Cl)c4)c3c2)o1 NCc1ccc(-c2ccc3ncnc(Nc4ccc(OCc5cccc(F)c5)c(Cl)c4)c3c2)o1
CCCCCCCCc1ccc(CCC(N)(CO)CO)cc1,CCCCCCCCc1ccc(CCC(N)(CO)COC2OC(C(=O)O)C(O)C(O)C2O)cc1 CCCCCCCCc1ccc(CCC(CO)(COC2OC(C(=O)O)C(O)C(O)C2O)NC(C)=O)cc1 CCCCCCCCc1ccc(CCC(CO)(CO)NC(C)=O)cc1 CCCCCCCC(O)c1ccc(CCC(N)(CO)CO)cc1 CC(O)CCCCCCc1ccc(CCC(N)(CO)CO)cc1 CCCCCCCCc1ccc(CCC(N)(COC2OC(C(=O)O)C(O)C(O)C2O)COC2OC(C(=O)O)C(O)C(O)C2O)cc1
CCCCc1oc2ccccc2c1C(=O)c1cc(I)c(OCCN(CC)CC)c(I)c1,CCCCc1oc2ccccc2c1C(=O)c1ccc(OCCN(CC)CC)c(I)c1 CCCCc1oc2cc(O)ccc2c1C(=O)c1cc(I)c(OCCN(CC)CC)c(I)c1 CCCCc1oc2ccccc2c1C(=O)c1cc(I)c(OCCN(CC)CC)c(I)c1O CCCCc1oc2ccccc2c1C(=O)c1cc(I)c(OCCNCC)c(I)c1 CCN(CC)CCOc1c(I)cc(C(=O)c2c(CCC(C)O)oc3ccccc23)cc1I CCCCc1oc2ccccc2c1C(=O)c1cc(I)c(OCCN(CC)CCO)c(I)c1
CCN(c1cc(-c2ccc(CN3CCOCC3)cc2)cc(C(=O)NCc2c(C)cc(C)[nH]c2=O)c1C)C1CCOCC1,Cc1cc(C)c(CNC(=O)c2cc(-c3ccc(CN4CCOCC4)cc3)cc(NC3CCOCC3)c2C)c(=O)[nH]1 CCN(c1cc(-c2ccc(CN3CCOCC3)cc2)cc(C(=O)NCc2c(C)cc(CO)[nH]c2=O)c1C)C1CCOCC1 CCN(c1cc(-c2ccc(CN3CCOCC3=O)cc2)cc(C(=O)NCc2c(C)cc(C)[nH]c2=O)c1C)C1CCOCC1 CCN(c1cc(-c2ccc(C(=O)O)cc2)cc(C(=O)NCc2c(C)cc(C)[nH]c2=O)c1C)C1CCOCC1 CCN(c1cc(-c2ccc(CN3CCOCC3)cc2)cc(C(=O)NCc2c(C)cc(C)[nH]c2=O)c1C)C1CCOC(O)C1
CNC1(c2ccccc2Cl)CCCC(O)C1=O,CNC1(c2ccc(O)cc2Cl)CCCC(O)C1=O CNC1(c2ccccc2Cl)CCCC(=O)C1=O CNC1(c2ccccc2Cl)CCC(O)C(O)C1=O CNC1(c2ccccc2Cl)CC(O)CC(O)C1=O CNC1(c2ccccc2Cl)CCCC(OC2OC(C(=O)O)C(O)C(O)C2O)C1=O NC1(c2ccccc2Cl)CCCC(O)C1=O
CN(C)CCCN1c2ccccc2CCc2cc(O)ccc21,CN(C)CCCN1c2ccccc2CCc2cc(O)c(O)cc21 CNCCCN1c2ccccc2CCc2cc(O)ccc21 CN(C)CCCN1c2ccc(O)cc2CCc2cc(O)ccc21 CN(C)CCCN1c2ccc(O)cc2CCc2c(O)cccc21 CN(C)CCCN1c2ccccc2CCc2cc(OC3O[C@H](C(=O)O)[C@@H](O)[C@H](O)[C@H]3O)ccc21
CC(Cc1ccc(O)cc1)NCC(O)c1ccc(O)c(NC=O)c1,CC(Cc1ccc(OC2O[C@H](C(=O)O)[C@@H](O)[C@H](O)[C@H]2O)cc1)NCC(O)c1ccc(O)c(NC=O)c1 CC(Cc1ccc(O)cc1)NCC(OC1O[C@H](C(=O)O)[C@@H](O)[C@H](O)[C@H]1O)c1ccc(O)c(NC=O)c1 CC(Cc1ccc(O)c(O)c1)NCC(O)c1ccc(O)c(NC=O)c1 CC(Cc1ccc(O)cc1)NCC(O)c1cc(O)c(O)c(NC=O)c1 CC(Cc1ccc(O)cc1)NCC(O)c1ccc(O)c(N)c1 CC(Cc1ccc(O)cc1)NCC(O)c1ccc(OC2OC(C(=O)O)C(O)C(O)C2O)c(NC=O)c1
CCOC(=O)c1c(CS(=O)(=O)c2ccccc2)n(C)c2cc(Br)c(O)c(CNC)c12,CCOC(=O)c1c(CS(=O)(=O)c2ccccc2)n(C)c2cc(Br)c(O)c(C=O)c12 CCOC(=O)c1c(CS(=O)(=O)c2ccccc2)n(C)c2cc(Br)c(O)c(CN)c12 CNCc1c(O)c(Br)cc2c1c(C(=O)O)c(CS(=O)(=O)c1ccccc1)n2C CCOC(=O)c1c(CS(=O)(=O)c2ccc(O)cc2)n(C)c2cc(Br)c(O)c(CNC)c12 CCOC(=O)c1c(CS(=O)(=O)c2ccccc2)n(C)c2cc(Br)c(OS(=O)(=O)O)c(CNC)c12 CCOC(=O)c1c(CS(=O)(=O)c2ccccc2)n(C)c2cc(Br)c(O)c(CNCO)c12
Nc1ccc(S(=O)(=O)Nc2cc(CO)on2)cc1,Nc1ccc(S(=O)(=O)Nc2cc(CO)on2)cc1O Nc1ccc(S(=O)(=O)N(c2cc(CO)on2)S(=O)(=O)O)cc1 Nc1ccc(S(=O)(=O)Nc2cc(C=O)on2)cc1 Nc1ccc(S(=O)(=O)Nc2cc(C(=O)O)on2)cc1 CC(=O)Nc1ccc(S(=O)(=O)Nc2cc(CO)on2)cc1 Nc1ccc(S(=O)(=O)Nc2cc(COC3OC(C(=O)O)C(O)C(O)C3O)on2)cc1
CCOC(=O)c1c(CS(=O)(=O)c2ccccc2)n(C)c2cc(Br)c(O)c(CN(C)C)c12,CN(C)Cc1c(O)c(Br)cc2c1c(C(=O)O)c(CS(=O)(=O)c1ccccc1)n2C CCOC(=O)c1c(CSc2ccccc2)n(C)c2cc(Br)c(O)c(CN(C)C)c12 CCOC(=O)c1c(CS(=O)(=O)c2ccc(O)cc2)n(C)c2cc(Br)c(O)c(CN(C)C)c12 CCOC(=O)c1c(CS(=O)(=O)c2ccccc2)n(C)c2cc(Br)c(O)c(CNC)c12 CCOC(=O)c1c(CS(=O)(=O)c2ccccc2)n(C)c2cc(Br)c(OS(=O)(=O)O)c(CN(C)C)c12 CCOC(=O)c1c(CS(=O)(=O)c2ccccc2)[nH]c2cc(Br)c(O)c(CN(C)C)c12
CC(=O)Nc1ccc(O)cc1,O=C1CCN(c2ccc(O)cc2)C1=O Nc1ccc(O)cc1 NCC(=O)Nc1ccc(O)cc1 CC(=O)Nc1ccccc1 CC(=O)Nc1ccc(O)c(O)c1 CC(=O)Nc1ccc(OC2OC(C(=O)O)C(O)C(O)C2O)cc1
CCN(CC)CCNC(=O)c1cc(Cl)c(N)cc1OC,CCN(CCNC(=O)c1cc(Cl)c(N)cc1OC)C(C)O COc1cc(N)c(Cl)cc1C(N)=O CCNCCNC(=O)c1cc(Cl)c(N)cc1OC CCN(CC)CCNC(=O)c1cc(Cl)c(N)c(O)c1OC CCN(CC)CCNC(=O)c1cc(Cl)c(N)cc1O CCN(CC)CCNC(=O)c1cc(Cl)c(NO)cc1OC
CCOC(=O)[N-]c1c[n+](N2CCOCC2)no1,CCOC(=O)Nc1c[n+](N2CCOCC2O)no1 CC(O)OC(=O)Nc1c[n+](N2CCOCC2)no1 CCOC(=O)Nc1c[n+](N2CCOC(O)C2)no1 CCOC(=O)Nc1c[n+](N)no1 O=C(O)Nc1c[n+](N2CCOCC2)no1
CCOC(=O)Nc1ccc2c(c1)N(C(=O)CN(CC)CC)c1ccccc1CC2,CCOC(=O)Nc1ccc2c(c1)N(C(=O)CN(CC)CCO)c1ccccc1CC2 CCOC(=O)Nc1cc2c(cc1O)CCc1ccccc1N2C(=O)CN(CC)CC CCNCC(=O)N1c2ccccc2CCc2ccc(NC(=O)OCC)cc21 CCN(CC)CC(=O)N1c2ccccc2CCc2ccc(N)cc21 CCOC(=O)Nc1ccc2c(c1)N(C(=O)CN(CC)CC)c1ccc(O)cc1CC2 CCOC(=O)Nc1ccc2c(c1)N(C(=O)CN(CC)CC)c1ccccc1C(O)C2
CN(C)c1ccc(O)c2c1C[C@H]1C[C@H]3[C@H](N(C)C)C(O)=C(C(N)=O)C(=O)[C@@]3(O)C(O)=C1C2=O,CN[C@@H]1C(O)=C(C(N)=O)C(=O)[C@@]2(O)C(O)=C3C(=O)c4c(O)c(O)cc(N(C)C)c4C[C@H]3C[C@@H]12 CN(C)c1cc(O)c(O)c2c1C[C@H]1C[C@H]3[C@H](N(C)C)C(O)=C(C(N)=O)C(=O)[C@@]3(O)C(O)=C1C2=O CN[C@@H]1C(O)=C(C(N)=O)C(=O)[C@@]2(O)C(O)=C3C(=O)c4c(O)ccc(N(C)C)c4C[C@H]3C[C@@H]12 CN(C)c1ccc(O)c2c1C[C@H]1C[C@H]3[C@H](N(C)C)C(O)=C(C(N)=O)C(=O)[C@]3(O)C(=O)C1=C2O CN(C)c1ccc(O[C@@H]2O[C@H](C(=O)O)[C@@H](O)[C@H](O)[C@H]2O)c2c1C[C@H]1C[C@H]3[C@H](N(C)C)C(O)=C(C(N)=O)C(=O)[C@@]3(O)C(O)=C1C2=O CN(C)c1ccc(O)c2c1C[C@H]1C[C@H]3[C@H](N(C)C)C(O)=C(C(N)=O)C(=O)[C@]3(O)C(=O)[C@]1(O)C2=O
Cn1cnc2c(F)c(Nc3ccc(Br)cc3Cl)c(C(N)=O)cc21,Cn1cnc2c(F)c(Nc3ccc(Br)cc3Cl)c(C(=O)NC3OC(C(=O)O)C(O)C(O)C3O)cc21 NC(=O)c1cc2[nH]cnc2c(F)c1Nc1ccc(Br)cc1Cl Cn1cnc2c(F)c(Nc3ccc(Br)cc3Cl)c(C(=O)O)cc21 Cn1c(=O)[nH]c2c(F)c(Nc3ccc(Br)cc3Cl)c(C(N)=O)cc21 Cn1cnc2c(F)c(Nc3ccc(Br)c(O)c3Cl)c(C(N)=O)cc21
Cc1ccc2c(Cl)cc(Cl)c(O)c2n1,Cc1ccc2c(Cl)cc(Cl)c(OC3OC(C(=O)O)C(O)C(O)C3O)c2n1 Cc1ccc2c(Cl)cc(Cl)cc2n1 Cc1cc(O)c2c(Cl)cc(Cl)c(O)c2n1 OCc1ccc2c(Cl)cc(Cl)c(O)c2n1 Cc1ccc2c(Cl)ccc(O)c2n1 Cc1ccc2c(Cl)c(O)c(Cl)c(O)c2n1
C#C[C@]1(OC(C)=O)CC[C@H]2[C@@H]3CCC4=C/C(=N/O)CC[C@@H]4[C@H]3CC[C@@]21CC,C#C[C@]1(O)CC[C@H]2[C@@H]3CCC4=C/C(=N/O)CC[C@@H]4[C@H]3CC[C@@]21CC C#C[C@]1(OC(C)=O)CC[C@H]2[C@@H]3C[C@@H](O)C4=C/C(=N/O)CC[C@@H]4[C@H]3CC[C@@]21CC C#C[C@]1(OC(C)=O)CC[C@H]2[C@@H]3CCC4=C/C(=N/OS(=O)(=O)O)CC[C@@H]4[C@H]3CC[C@@]21CC C#C[C@]1(OC(C)=O)CC[C@H]2[C@@H]3CC[C@@H]4CC(=NO)CC[C@@H]4[C@H]3CC[C@@]21CC C#C[C@]1(OC(C)=O)CC[C@H]2[C@@H]3CCC4=CC(=O)CC[C@@H]4[C@H]3CC[C@@]21CC
COc1c(-c2ccc3cc(NS(C)(=O)=O)ccc3c2)cc(-n2ccc(=O)[nH]c2=O)cc1C(C)(C)C,CC(C)(C)c1cc(-c2ccc3cc(NS(C)(=O)=O)ccc3c2)cc(-n2ccc(=O)[nH]c2=O)c1O COc1c(-c2ccc3cc(NS(C)(=O)=O)ccc3c2)cc(-n2cc(O)c(=O)[nH]c2=O)cc1C(C)(C)C COc1c(-c2ccc3cc(NS(C)(=O)=O)ccc3c2)cc(N2CCC(=O)NC2=O)cc1C(C)(C)C COc1c(-c2ccc3cc(NS(C)(=O)=O)ccc3c2)cc(-n2ccc(=O)n(C3OC(C(=O)O)C(O)C(O)C3O)c2=O)cc1C(C)(C)C COc1c(-c2ccc3cc(NS(C)(=O)=O)ccc3c2)cc(-n2ccc(=O)[nH]c2=O)cc1C(C)(C)C COc1c(-c2ccc3cc(NS(C)(=O)=O)ccc3c2)cc(-n2ccc(=O)[nH]c2=O)cc1C(C)(C)CO
CCN(CC)CCOC(=O)c1ccc(N)cc1,CCNCCO CCN(CC)CCOC(=O)c1ccc(NC(C)=O)cc1 CCNCCOC(=O)c1ccc(N)cc1 CCN(CC)CC(=O)O Nc1ccc(C(=O)O)cc1 CCN(CC)CCOC(=O)c1ccc(N)c(O)c1
CCN[C@H]1C[C@H](C)S(=O)(=O)c2sc(S(N)(=O)=O)cc21,CC(O)N[C@H]1C[C@H](C)S(=O)(=O)c2sc(S(N)(=O)=O)cc21 CCN[C@H]1C[C@H](CO)S(=O)(=O)c2sc(S(N)(=O)=O)cc21 C[C@H]1C[C@H](N)c2cc(S(N)(=O)=O)sc2S1(=O)=O CCN[C@H]1C[C@H](C)S(=O)(=O)c2sc(S(N)(=O)=O)cc21 CC(O)N[C@H]1C[C@@H](C)S(=O)(=O)c2sc(S(N)(=O)=O)cc21 CCN[C@H]1C[C@H](C)S(=O)(=O)c2sc(S(=O)(=O)NC3OC(C(=O)O)C(O)C(O)C3O)cc21
CS(=O)(=O)c1ccc(C2=C(c3ccccc3)C(=O)OC2O)cc1,CS(=O)(=O)c1ccc(C2=C(c3ccccc3)C(=O)OC2=O)cc1 CS(=O)(=O)c1ccc(C2C(O)OC(=O)C2c2ccccc2)cc1 CS(=O)(=O)c1ccc(C2=C(c3ccc(O)cc3)C(=O)OC2O)cc1 CS(=O)(=O)c1ccc(C2=C(c3ccccc3)C(=O)OC2OC2OC(C(=O)O)C(O)C(O)C2O)cc1 CS(=O)(=O)c1ccc(C2=C(c3ccccc3)C(=O)OC2)cc1
O=S1N=C(N2CCNCC2)c2ccccc21,O=C1CNCCN1C1=NS(=O)c2ccccc21 O=S(=O)(O)c1ccccc1N1CCNCC1 O=S1N=C(N2CCNCC2)c2ccc(O)cc21 O=C1CN(C2=NS(=O)c3ccccc32)CCN1 O=S1N=C(N2CCN(O)CC2)c2ccccc21 O=S1N=C(N2CCNCC2)c2cc(O)ccc21
Oc1cnc2c(c1)CCc1cc(Cl)ccc1C2=C1CCNCC1,O=C(O)C1OC(N2CCC(=C3c4ccc(Cl)cc4CCc4cc(O)cnc43)CC2)C(O)C(O)C1O Oc1cnc2c(c1)CC(O)c1cc(Cl)ccc1C2=C1CCNCC1 O=C1CC(=C2c3ccc(Cl)cc3CCc3cc(O)cnc32)CCN1 Oc1cnc2c(c1)C(O)Cc1cc(Cl)ccc1C2=C1CCNCC1 Oc1cnc2c(c1O)CCc1cc(Cl)ccc1C2=C1CCNCC1 O=C(O)C1OC(Oc2cnc3c(c2)CCc2cc(Cl)ccc2C3=C2CCNCC2)C(O)C(O)C1O
Nc1nnc(-c2cccc(Cl)c2Cl)c(N)n1,Nc1nnc(-c2ccc(O)c(Cl)c2Cl)c(N)n1 Nc1nnc(-c2cc(O)cc(Cl)c2Cl)c(N)n1 N=c1nnc(-c2cccc(Cl)c2Cl)c(N)[nH]1 Nc1nnc(-c2cccc(Cl)c2Cl)c(NC2OC(C(=O)O)C(O)C(O)C2O)n1 CC(=O)Nc1nnc(-c2cccc(Cl)c2Cl)c(N)n1 Nc1nnc(-c2cccc(Cl)c2Cl)c(=O)[nH]1
Nc1ccncc1N,CC(=O)Nc1ccncc1N CC(=O)Nc1cnccc1N Nc1cnc(O)cc1N C[n+]1ccc(N)c(N)c1 CC(=O)NC1=CNC=CC1N Nc1cc[nH]c(=O)c1N
CC(C)OC(=O)CCC/C=C\C[C@H]1[C@@H](O)C[C@@H](O)[C@@H]1/C=C/[C@@H](O)COc1cccc(C(F)(F)F)c1,CC(C)(O)CCC/C=C\C[C@H]1[C@@H](O)C[C@@H](O)[C@@H]1/C=C/[C@@H](O)COc1cccc(C(F)(F)F)c1 O=C(O)CCC/C=C\C[C@H]1[C@@H](O)C[C@@H](O)[C@@H]1/C=C/[C@@H](O)COc1cccc(C(F)(F)F)c1 O=C(O)C/C=C\C[C@H]1[C@@H](O)C[C@@H](O)[C@@H]1/C=C/[C@@H](O)COc1cccc(C(F)(F)F)c1 CC(C)OC(=O)CCC/C=C\C[C@H]1[C@@H](O)C[C@@H](O[C@@H]2O[C@H](C(=O)O)[C@@H](O)[C@H](O)[C@H]2O)[C@@H]1/C=C/[C@@H](O)COc1cccc(C(F)(F)F)c1 CC(C)(O)OC(=O)CCC/C=C\C[C@H]1[C@@H](O)C[C@@H](O)[C@@H]1/C=C/[C@@H](O)COc1cccc(C(F)(F)F)c1 O=C(O)CC(O)C/C=C\CC1C(O)CC(O)C1/C=C/C(O)COc1cccc(C(F)(F)F)c1
C[C@H]1C[C@H]2[C@@H]3CCC4=CC(=O)C=C[C@]4(C)[C@@]3(F)[C@@H](O)C[C@]2(C)[C@@]1(O)C(=O)COP(=O)(O)O,C[C@H]1C[C@H]2[C@@H]3C[C@@H](O)C4=CC(=O)C=C[C@]4(C)[C@@]3(F)[C@@H](O)C[C@]2(C)[C@@]1(O)C(=O)COP(=O)(O)O C[C@H]1C[C@H]2[C@@H]3CCC4=CC(=O)C=C[C@]4(C)[C@@]3(F)[C@@H](O)C[C@]2(C)[C@H]1C(=O)COP(=O)(O)O C[C@H]1C[C@H]2[C@@H]3CCC4=CC(=O)C=C[C@]4(C)[C@@]3(F)[C@@H](O)C[C@]2(C)C1=O C[C@H]1C[C@H]2[C@@H]3CCC4=CC(=O)C=C[C@]4(C)[C@@]3(F)[C@@H](O)C[C@]2(C)[C@@]1(O[C@@H]1O[C@H](C(=O)O)[C@@H](O)[C@H](O)[C@H]1O)C(=O)COP(=O)(O)O C[C@H]1C[C@H]2[C@@H]3CCC4=CC(=O)C=C[C@]4(C)[C@@]3(F)[C@@H](O)C[C@]2(C)[C@@]1(O)C(=O)CO C[C@H]1C[C@H]2[C@@H]3CCC4=CC(=O)C=C[C@]4(C)[C@@]3(F)[C@@H](O)C[C@]2(C)[C@@]1(O)C(=O)COP(=O)(O)OP(=O)(O)O
CNCCCN1c2ccccc2CCc2ccccc21,CNCCCN1c2ccccc2CC(O)c2ccccc21 NCCCN1c2ccccc2CCc2ccccc21 CNCCCN1c2ccccc2CCc2cc(O)ccc21 CNCCCN1c2ccccc2C[C@H](O)c2ccccc21 CNCCCN1c2ccccc2CCc2c(O)cccc21
CN(C)C(=O)COC(=O)Cc1ccc(OC(=O)c2ccc(NC(=N)N)cc2)cc1,CN(C)C(=O)OC(=O)Cc1ccc(OC(=O)c2ccc(NC(=N)N)cc2)cc1 N=C(N)Nc1ccc(C(=O)Oc2ccc(CC(=O)O)cc2)cc1 N=C(N)Nc1ccc(C(=O)Oc2ccc(CC(=O)OCC(=O)O)cc2)cc1 CN(C)C(=O)COC(=O)Cc1ccc(O)cc1 CNC(=O)COC(=O)Cc1ccc(OC(=O)c2ccc(NC(=N)N)cc2)cc1 CN(C)C(=O)COC(=O)Cc1ccc(OC(=O)c2ccc(NC(=N)N)cc2)cc1
CNCCCN1c2ccccc2CCc2cc(O)ccc21,CNCCCN1c2ccc(O)cc2CCc2c(O)cccc21 CNCCCN1c2ccccc2CCC2=CC(=O)C=CC21 CNCCCN1c2ccccc2CCc2cc(O)c(O)cc21 CNCCCN1c2ccccc2CCc2cc(OC3OC(C(=O)O)C(O)C(O)C3O)ccc21 CNCCCN1c2ccccc2CC(O)c2cc(O)ccc21 NCCCN1c2ccccc2CCc2cc(O)ccc21
