SMILES,truth,predictions
CNCCCN1c2ccccc2CCc2cc(O)ccc21,CNCCCN1c2ccccc2CCc2cc(OC3OC(C(=O)O)C(O)C(O)C3O)ccc21,"CNCCCN1c2ccccc2CCc2cc(O)ccc21,NCCCN1c2ccccc2CCc2cc(O)ccc21,CNCCCN1c2ccccc2CCc2cc(OC3OC(C(=O)O)C(O)C(O)C3O)ccc21,CNCCCN1c2ccc(O)cc2CCc2cc(O)ccc21,NCCCN1c2ccccc2CCc2cc(OC3OC(C(=O)O)C(O)C(O)C3O)ccc21,CNCCCN1c2ccccc2CCc2cc(OS(=O)(=O)O)ccc21,Oc1ccc2c(c1)CCc1ccccc1N2,CNCCCO,CC(=O)NCCCN1c2ccccc2CCc2cc(O)ccc21,OCCCN1c2ccccc2CCc2cc(O)ccc21,CNCCCN1c2ccc(O)cc2CC(O)c2ccccc21,CNCCCN1c2ccccc2CC(O)c2cc(O)ccc21"
CN(C)CCCN1c2ccccc2CCc2cc(O)ccc21,CN(C)CCCN1c2ccccc2CCc2cc(OC3OC(C(=O)O)C(O)C(O)C3O)ccc21,"CN(C)CCCN1c2ccccc2CCc2cc(O)ccc21,CNCCCN1c2ccccc2CCc2cc(O)ccc21,CN(C)CCCN1c2ccccc2CCc2cc(OC3OC(C(=O)O)C(O)C(O)C3O)ccc21,C[N+](C)([O-])CCCN1c2ccccc2CCc2cc(O)ccc21,CNCCCN1c2ccccc2CCc2cc(OC3OC(C(=O)O)C(O)C(O)C3O)ccc21,CN(C)CCCN1c2ccc(O)cc2CCc2cc(O)ccc21,OCCCN1c2ccccc2CCc2cc(O)ccc21,CN(C)CCCO,CN(C)CCCN1c2ccccc2CCc2cc(OS(=O)(=O)O)ccc21,Oc1ccc2c(c1)CCc1ccccc1N2,C[N+](C)(CCCN1c2ccccc2CCc2cc(O)ccc21)C1OC(C(=O)O)C(O)C(O)C1O,CN(C)CCCN1c2ccccc2CC(O)c2cc(O)ccc21"
Nc1ccncc1N,CC(=O)Nc1cnccc1N,"Nc1ccncc1N,CC(=O)Nc1cnccc1N,CC(=O)Nc1ccncc1N,Nc1cnc(O)cc1N,CC(=O)Nc1cc(O)ncc1N,CC(=O)Nc1cnc(O)cc1N,Nc1cnc(OC2OC(C(=O)O)C(O)C(O)C2O)cc1N,Nc1ccncc1NC1OC(C(=O)O)C(O)C(O)C1O,Nc1cnccc1NC1OC(C(=O)O)C(O)C(O)C1O,Nc1cc[n+]([O-])cc1N,Nc1ccnc(O)c1N,Nc1cncc(O)c1N"
CC(C)NCC(O)COc1ccc(CC(N)=O)cc1,"CC(C)NCC(COc1ccc(CC(N)=O)cc1)OC1OC(C(=O)O)C(O)C(O)C1O,CC(C)NCC(O)COc1ccc(C(O)C(N)=O)cc1","CC(C)NCC(O)COc1ccc(CC(N)=O)cc1,NCC(O)COc1ccc(CC(N)=O)cc1,CC(C)NCC(O)COc1ccc(CC(=O)O)cc1,CC(C)NCC(COc1ccc(CC(N)=O)cc1)OC1OC(C(=O)O)C(O)C(O)C1O,CC(C)NCC(=O)COc1ccc(CC(N)=O)cc1,CC(C)(O)NCC(O)COc1ccc(CC(N)=O)cc1,CC(C)NCC(O)CO,NC(=O)Cc1ccc(O)cc1,CC(C)N,NC(=O)Cc1ccc(OCC(O)CO)cc1,CC(C)NCC(O)COc1ccc(C(O)C(N)=O)cc1,CC(=O)NCC(O)COc1ccc(CC(N)=O)cc1"
C=CCC1(CC(C)C)C(=O)NC(=O)NC1=O,"CC(C)CC1(CC(O)CO)C(=O)NC(=O)NC1=O,C=CCC1(CC(C)CO)C(=O)NC(=O)NC1=O","C=CCC1(CC(C)C)C(=O)NC(=O)NC1=O,CC(C)CC1(CC(O)CO)C(=O)NC(=O)NC1=O,C=CCC1(CC(C)(C)O)C(=O)NC(=O)NC1=O,C=CCC(CC(C)C)(C(=O)O)C(=O)NC(N)=O,C=CCC(CC(C)C)(C([NH])=O)C(=O)NC(=O)O,C=CCC1(CC(C)CO)C(=O)NC(=O)NC1=O,CC(C)CC1(CC(CO)OC2OC(C(=O)O)C(O)C(O)C2O)C(=O)NC(=O)NC1=O,CC(C)CC1(CC(O)COC2OC(C(=O)O)C(O)C(O)C2O)C(=O)NC(=O)NC1=O,C=CCC1(CC(C)C)C(=O)NC(=O)N(C2OC(C(=O)O)C(O)C(O)C2O)C1=O,C=CCC1(CC(C)C(=O)O)C(=O)NC(=O)NC1=O,C=CCC(CC(C)C)(C(=O)NC(N)=O)C(=O)OC1OC(C(=O)O)C(O)C(O)C1O,C=CC(O)C1(CC(C)C)C(=O)NC(=O)NC1=O"
CCOC(=O)Nc1ccc2c(c1)N(C(=O)CN(CC)CC)c1ccccc1CC2,CCNCC(=O)N1c2ccccc2CCc2ccc(NC(=O)OCC)cc21,"CCOC(=O)Nc1ccc2c(c1)N(C(=O)CN(CC)CC)c1ccccc1CC2,CCOC(=O)Nc1ccc2c(c1)N(C(=O)CN(CC)CC)c1ccc(O)cc1CC2,CCOC(=O)Nc1cc2c(cc1O)CCc1ccccc1N2C(=O)CN(CC)CC,CCOC(=O)Nc1ccc2c(c1)N(C(=O)CO)c1ccccc1CC2,CCNCC(=O)N1c2ccccc2CCc2ccc(NC(=O)OCC)cc21,CCNCC,CCOC(=O)Nc1ccc2c(c1)Nc1ccccc1CC2,CCN(CC)CC(=O)O,CCOC(=O)Nc1ccc2c(c1)N(C(=O)CN(CC)CC)c1ccccc1C(O)C2,CCOC(=O)Nc1ccc2c(c1)N(C(=O)CN(CC)CC)c1ccccc1CC2O,CCOC(=O)Nc1ccc2c(c1)N(C(=O)CN(CC)CC)c1cc(O)ccc1CC2,CCOC(=O)Nc1ccc2c(c1)N(C(=O)C[N+]([O-])(CC)CC)c1ccccc1CC2"
Cc1ccc2c(Cl)cc(Cl)c(O)c2n1,Cc1ccc2c(Cl)cc(Cl)c(OS([O-])([O-])[O-])c2n1,"Cc1ccc2c(Cl)cc(Cl)c(O)c2n1,Cc1ccc2c(Cl)cc(Cl)c(OC3OC(C(=O)O)C(O)C(O)C3O)c2n1,OCc1ccc2c(Cl)cc(Cl)c(O)c2n1,Cc1ccc2c(Cl)c(O)c(Cl)c(O)c2n1,Cc1ccc2c(Cl)cc(Cl)c(OS(=O)(=O)O)c2n1,Cc1nc2c(O)c(Cl)cc(Cl)c2cc1O,COc1c(Cl)cc(Cl)c2ccc(C)nc12,O=C(O)c1ccc2c(Cl)cc(Cl)c(O)c2n1,O=C(O)C1OC(Oc2c(Cl)cc(Cl)c3ccc(CO)nc23)C(O)C(O)C1O,Cc1ccc2c(Cl)c(O)c(Cl)c(OC3OC(C(=O)O)C(O)C(O)C3O)c2n1,Cc1ccc2c(Cl)c(OC3OC(C(=O)O)C(O)C(O)C3O)c(Cl)c(O)c2n1,Cc1ccc2c(Cl)cc(Cl)c(O)c2[n+]1[O-]"
O=C(O)c1cn(C2CC2)c2cc(N3CCNCC3)c(F)cc2c1=O,"O=CN1CCN(c2cc3c(cc2F)c(=O)c(C(=O)O)cn3C2CC2)CC1,O=C1CN(c2cc3c(cc2F)c(=O)c(C(=O)O)cn3C2CC2)CCN1,O=C(O)c1cn(C2CC2)c2cc(N3CCN(S(=O)(=O)O)CC3)c(F)cc2c1=O","O=C(O)c1cn(C2CC2)c2cc(N3CCNCC3)c(F)cc2c1=O,O=C(OC1OC(C(=O)O)C(O)C(O)C1O)c1cn(C2CC2)c2cc(N3CCNCC3)c(F)cc2c1=O,O=C(O)C1CN(C2CC2)c2cc(N3CCNCC3)c(F)cc2C1=O,O=C(O)CNC(=O)c1cn(C2CC2)c2cc(N3CCNCC3)c(F)cc2c1=O,O=C(O)c1c(O)n(C2CC2)c2cc(N3CCNCC3)c(F)cc2c1=O,O=C(O)c1cn(C2CC2)c2cc(N3CCNCC3=O)c(F)cc2c1=O,O=C1CN(c2cc3c(cc2F)c(=O)c(C(=O)O)cn3C2CC2)CCN1,O=C(O)c1cn(C2CC2)c2cc(N3CCNCC3O)c(F)cc2c1=O,O=C(O)c1cn(C2CC2)c2cc(N3CCNC(O)C3)c(F)cc2c1=O,NCCNc1cc2c(cc1F)c(=O)c(C(=O)O)cn2C1CC1,CC(=O)N1CCN(c2cc3c(cc2F)c(=O)c(C(=O)O)cn3C2CC2)CC1,O=C(O)c1cn(C2CC2O)c2cc(N3CCNCC3)c(F)cc2c1=O"
Cn1c(=O)c2c(ncn2C)n(C)c1=O,"Cn1cnc2c1c(=O)[nH]c(=O)n2C,Cn1c(=O)[nH]c2ncn(C)c2c1=O,Cn1c(=O)c2[nH]cnc2n(C)c1=O,Cn1c(=O)c2c([nH]c(=O)n2C)n(C)c1=O","Cn1c(=O)c2c(ncn2C)n(C)c1=O,Cn1c(=O)[nH]c2ncn(C)c2c1=O,Cn1c(=O)c2[nH]cnc2n(C)c1=O,Cn1cnc2c1c(=O)[nH]c(=O)n2C,Cn1c(=O)c2c([nH]c(=O)n2C)n(C)c1=O,Cn1c(=O)c2c(n(C)c1=O)[n+]([O-])cn2C,Cn1c(=O)c2c(n(C)c1=O)[n+](C1OC(C(=O)O)C(O)C(O)C1O)cn2C,Cn1c(=O)c2c(ncn2C)n(C2OC(C(=O)O)C(O)C(O)C2O)c1=O,Cn1cnc2c1c(=O)n(C1OC(C(=O)O)C(O)C(O)C1O)c(=O)n2C,Cn1c(=O)c2c(ncn2C2OC(C(=O)O)C(O)C(O)C2O)n(C)c1=O,Cn1c(=O)[nH]c2c(c1=O)n(C)c[n+]2C1OC(C(=O)O)C(O)C(O)C1O,Cn1c[n+](C2OC(C(=O)O)C(O)C(O)C2O)c2c1c(=O)[nH]c(=O)n2C"
O=C(N[C@H](CO)[C@H](O)c1ccc([N+](=O)[O-])cc1)C(Cl)Cl,"O=C(CO)NC(CO)C(O)c1ccc([N+](=O)[O-])cc1,O=C(O)C(=O)NC(CO)C(O)c1ccc([N+](=O)[O-])cc1,Nc1ccc(C(O)C(N)CO)cc1,NC(CO)C(O)c1ccc([N+](=O)[O-])cc1,O=C(NC(COS(=O)(=O)O)C(O)c1ccc([N+](=O)[O-])cc1)C(Cl)Cl,O=C(NC(COC1OC(C(=O)O)C(O)C(O)C1O)C(O)c1ccc([N+](=O)[O-])cc1)C(Cl)Cl,CC(=O)OCC(NC(=O)C(Cl)Cl)C(O)c1ccc([N+](=O)[O-])cc1","O=C(NC(CO)C(O)c1ccc([N+](=O)[O-])cc1)C(Cl)Cl,O=C(NC(C(=O)O)C(O)c1ccc([N+](=O)[O-])cc1)C(Cl)Cl,O=C(NC(=Cc1ccc([N+](=O)[O-])cc1)CO)C(Cl)Cl,Nc1ccc(C(O)C(CO)NC(=O)C(Cl)Cl)cc1,O=C(NC(CO)C(O)c1ccc([N+](=O)[O-])cc1)C(O)Cl,O=C(NC(CO)C(=O)c1ccc([N+](=O)[O-])cc1)C(Cl)Cl,O=C(NC(CO)C(OC1OC(C(=O)O)C(O)C(O)C1O)c1ccc([N+](=O)[O-])cc1)C(Cl)Cl,O=C(NC(COC1OC(C(=O)O)C(O)C(O)C1O)C(O)c1ccc([N+](=O)[O-])cc1)C(Cl)Cl,NC(CO)C(O)c1ccc([N+](=O)[O-])cc1,O=C(O)C(Cl)Cl,CC(=O)Nc1ccc(C(O)C(CO)NC(=O)C(Cl)Cl)cc1,O=C(NC(CO)C(O)c1ccc([N+](=O)[O-])c(O)c1)C(Cl)Cl"
OCCOCCN1CCN(C(c2ccccc2)c2ccc(Cl)cc2)CC1,O=C(O)COCCN1CCN(C(c2ccccc2)c2ccc(Cl)cc2)CC1,"OCCOCCN1CCN(C(c2ccccc2)c2ccc(Cl)cc2)CC1,O=C(O)COCCN1CCN(C(c2ccccc2)c2ccc(Cl)cc2)CC1,OCCOCCO,Clc1ccc(C(c2ccccc2)N2CCNCC2)cc1,O=C(O)C1OC(OCCOCCN2CCN(C(c3ccccc3)c3ccc(Cl)cc3)CC2)C(O)C(O)C1O,OCCN1CCN(C(c2ccccc2)c2ccc(Cl)cc2)CC1,OCCO,OCCOCCN1CCN(C(c2ccc(O)cc2)c2ccc(Cl)cc2)CC1,[O-][N+]1(CCOCCO)CCN(C(c2ccccc2)c2ccc(Cl)cc2)CC1,[O-][N+]1(C(c2ccccc2)c2ccc(Cl)cc2)CCN(CCOCCO)CC1,O=C1CN(C(c2ccccc2)c2ccc(Cl)cc2)CCN1CCOCCO,O=C1CN(CCOCCO)CCN1C(c1ccccc1)c1ccc(Cl)cc1"
CN1CCc2cccc3c2[C@H]1Cc1ccc(O)c(O)c1-3,"CN1CCc2cccc3c2C1Cc1ccc(=O)c(=O)c13,COc1ccc2c(c1O)-c1cccc3c1C(C2)N(C)CC3,CN1CCc2cccc3c2C1Cc1ccc(O)c(OC2OC(C(=O)O)C(O)C(O)C2O)c1-3,Oc1ccc2c(c1O)-c1cccc3c1C(C2)NCC3,COc1c(O)ccc2c1-c1cccc3c1C(C2)N(C)CC3,CN1CCc2cccc3c2C1Cc1ccc(OC2OC(C(=O)O)C(O)C(O)C2O)c(O)c1-3","CN1CCc2cccc3c2C1Cc1ccc(O)c(O)c1-3,Oc1ccc2c(c1O)-c1cccc3c1C(C2)NCC3,CN1CCc2cccc3c2C1Cc1ccc(OC2OC(C(=O)O)C(O)C(O)C2O)c(O)c1-3,CN1CCc2cccc3c2C1Cc1ccc(O)c(OC2OC(C(=O)O)C(O)C(O)C2O)c1-3,C[N+]1([O-])CCc2cccc3c2C1Cc1ccc(O)c(O)c1-3,CN1CCc2cccc3c2C1Cc1ccc(OS(=O)(=O)O)c(O)c1-3,CN1CCc2cccc3c2C1Cc1ccc(O)c(OS(=O)(=O)O)c1-3,O=C(O)C1OC(Oc2ccc3c(c2O)-c2cccc4c2C(C3)NCC4)C(O)C(O)C1O,O=C(O)C1OC(Oc2c(O)ccc3c2-c2cccc4c2C(C3)NCC4)C(O)C(O)C1O,CN1CCc2cccc3c2C1C(O)c1ccc(O)c(O)c1-3,CN1CC(O)c2cccc3c2C1Cc1ccc(O)c(O)c1-3,CN1CCc2cc(O)cc3c2C1Cc1ccc(O)c(O)c1-3"
CCN(CC)CCOC(=O)c1ccc(N)cc1,"Nc1ccc(C(=O)O)cc1,CCN(CC)CCO","CCN(CC)CCOC(=O)c1ccc(N)cc1,Nc1ccc(C(=O)O)cc1,CCN(CC)CCO,CCN(CC)CCOC(=O)c1ccc(NC(C)=O)cc1,CCNCCOC(=O)c1ccc(N)cc1,CCNCC,Nc1ccc(C(=O)OCCO)cc1,Nc1ccc(C(=O)OC2OC(C(=O)O)C(O)C(O)C2O)cc1,CC(=O)Nc1ccc(C(=O)O)cc1,CC[N+]([O-])(CC)CCOC(=O)c1ccc(N)cc1,CCN(CC)CCOC(=O)c1ccc([N+](=O)[O-])cc1,CCN(CC)CCOC(=O)c1ccc(NC2OC(C(=O)O)C(O)C(O)C2O)cc1"
O=C1Nc2ccc(Cl)cc2C(c2ccccc2)=NC1O,O=C(O)C1OC(OC2N=C(c3ccccc3)c3cc(Cl)ccc3N=C2O)C(O)C(O)C1O,"O=C1Nc2ccc(Cl)cc2C(c2ccccc2)=NC1O,O=C1Nc2ccc(Cl)cc2C(c2ccccc2)=NC1OC1OC(C(=O)O)C(O)C(O)C1O,Nc1ccc(Cl)cc1C(=NC(O)C(=O)O)c1ccccc1,O=C1Nc2cc(O)c(Cl)cc2C(c2ccccc2)=NC1O,O=C1Nc2ccc(Cl)cc2C(c2ccc(O)cc2)=NC1O,O=C1Nc2ccc(O)cc2C(c2ccccc2)=NC1O,O=C1Nc2ccc(Cl)cc2C(c2ccccc2)=[N+]([O-])C1O,O=C1Nc2c(O)cc(Cl)cc2C(c2ccccc2)=NC1O,O=C(O)C1OC(N2C(=O)C(O)N=C(c3ccccc3)c3cc(Cl)ccc32)C(O)C(O)C1O,NC(O)C(=O)Nc1ccc(Cl)cc1C(=O)c1ccccc1,CC(=O)Nc1ccc(Cl)cc1C(=NC(O)C(=O)O)c1ccccc1,COc1cc(C2=NC(O)C(=O)Nc3ccc(Cl)cc32)ccc1O"
CN[C@@H](C)[C@@H](O)c1ccccc1,CC(N)C(O)c1ccccc1,"CNC(C)C(O)c1ccccc1,CC(N)C(O)c1ccccc1,CNC(C)C(=O)c1ccccc1,CNC(C)C(OC1OC(C(=O)O)C(O)C(O)C1O)c1ccccc1,CC(=O)NC(C)C(O)c1ccccc1,CNC(C)C(O)c1ccc(O)cc1,CC(N)C(OC1OC(C(=O)O)C(O)C(O)C1O)c1ccccc1,CNC(C)C(O)c1ccc(O)c(OC)c1,CC(=O)N(C)C(C)C(O)c1ccccc1,CNC(C)C(OS(=O)(=O)O)c1ccccc1,CNC(C)=Cc1ccccc1,CNC(C)C(O)c1cccc(O)c1"
CCCCNc1ccc(C(=O)OCCOCCOCCOCCOCCOCCOCCOCCOCCOC)cc1,CCCCNc1ccc(C(=O)O)cc1,"CCCCNc1ccc(C(=O)OCCOCCOCCOCCOCCOCCOCCOCCOCCOC)cc1,CCCCNc1ccc(C(=O)OCCOCCOCCOCCOCCOCCOCCOCCOCCO)cc1,CCCCNc1ccc(C(=O)O)cc1,COCCOCCOCCOCCOCCOCCOCCOCCOCCO,COCCOCCOCCOCCOCCOCCOCCOCCOCCOC(=O)c1ccc(N)cc1,COCCOCCOCCOCCOCCOCCOCCOCCOCCOC(=O)c1ccc(NCCC(C)O)cc1,COCCOCCOCCOCCOCCO,CCCCNc1ccc(C(=O)OCCOCCOCCOCCOCCOCCO)cc1,COCCOCCOCCOCCO,COCCOCCOCCOCCOCCOCCOCCOCCO,CCCCNc1ccc(C(=O)OCCOCCOCCO)cc1,CCCCNc1ccc(C(=O)OCCOCCOCCOCCOCCOCCOCCOCCO)cc1"
CCN[C@H]1C[C@H](C)S(=O)(=O)c2sc(S(N)(=O)=O)cc21,CC1CC(N)c2cc(S(N)(=O)=O)sc2S1(=O)=O,"CCNC1CC(C)S(=O)(=O)c2sc(S(N)(=O)=O)cc21,CCNC1CC(C)S(=O)(=O)c2sc(S(=O)(=O)NC(C)=O)cc21,CCN=C1CC(C)S(=O)(=O)c2sc(S(N)(=O)=O)cc21,CC1CC(N)c2cc(S(N)(=O)=O)sc2S1(=O)=O,CCNC1CC(C)S(=O)(=O)C2=C1C=C(S(N)(=O)=O)S2=O,CCN=C1CC(C)S(=O)(=O)c2sc(S(=O)(=O)NC(C)=O)cc21,CC(=O)NS(=O)(=O)c1cc2c(s1)S(=O)(=O)C(C)CC2N,CC(=O)NC1CC(C)S(=O)(=O)c2sc(S(N)(=O)=O)cc21,CCNC1CC(C)S(=O)(=O)C2=C1C=C(S(=O)(=O)NC(C)=O)S2=O,CC1CC(NC2OC(C(=O)O)C(O)C(O)C2O)c2cc(S(N)(=O)=O)sc2S1(=O)=O"
C#C[C@]1(OC(C)=O)CC[C@H]2[C@@H]3CCC4=C/C(=N/O)CC[C@@H]4[C@H]3CC[C@@]21CC,C#CC1(O)CCC2C3CCC4=CC(=NO)CCC4C3CCC21CC,"C#CC1(OC(C)=O)CCC2C3CCC4=CC(=NO)CCC4C3CCC21CC,C#CC1(O)CCC2C3CCC4=CC(=NO)CCC4C3CCC21CC,C#CC1(OC(C)=O)CCC2C3CCC4=CC(=NOC5OC(C(=O)O)C(O)C(O)C5O)CCC4C3CCC21CC,C#CC1(O)CCC2C3CCC4=CC(=NOC5OC(C(=O)O)C(O)C(O)C5O)CCC4C3CCC21CC,C#CC1(OC(C)=O)CCC2C3CCC4=CC(=NO)CCC4C3CCC21C(C)O,C#CC1(OC(C)=O)CCC2C3CCC4=CC(=NO)CCC4C3CCC21CCO,C#CC1(OC2OC(C(=O)O)C(O)C(O)C2O)CCC2C3CCC4=CC(=NO)CCC4C3CCC21CC,C#CC1(OC(=O)CO)CCC2C3CCC4=CC(=NO)CCC4C3CCC21CC,C#CC1(OC(C)=O)CCC2C3CC(O)C4=CC(=NO)CCC4C3CCC21CC,C#CC1(OC(C)=O)CCC2C3CCC4=CC(=NO)C(O)CC4C3CCC21CC,C#CC1(OC(C)=O)CCC2C3CCC4=CC(=NO)CCC4C3CCC21CC(=O)O,C#CC1(OC(C)=O)C(O)CC2C3CCC4=CC(=NO)CCC4C3CCC21CC"
COc1ccc(CC(C)NCC(O)c2ccc(O)c(NC=O)c2)cc1,"CC(Cc1ccc(O)cc1)NCC(O)c1ccc(O)c(NC=O)c1,COc1ccc(CC(C)NCC(OC2OC(C(=O)O)C(O)C(O)C2O)c2ccc(O)c(NC=O)c2)cc1,COc1ccc(CC(C)NCC(O)c2ccc(OS(=O)(=O)O)c(NC=O)c2)cc1,COc1ccc(CC(C)NCC(O)c2ccc(O)c(N)c2)cc1,COc1ccc(CC(C)NCC(O)c2ccc(OC3OC(C(=O)O)C(O)C(O)C3O)c(NC=O)c2)cc1","COc1ccc(CC(C)NCC(O)c2ccc(O)c(NC=O)c2)cc1,COc1ccc(CC(C)NCC(O)c2ccc(O)c(N)c2)cc1,CC(Cc1ccc(O)cc1)NCC(O)c1ccc(O)c(NC=O)c1,COc1ccc(CC(C)NCC(O)c2ccc(OC3OC(C(=O)O)C(O)C(O)C3O)c(NC=O)c2)cc1,COc1ccc(CC(C)NCC(O)c2cc(NC=O)c(O)cc2O)cc1,COc1ccc(CC(C)NCC(O)c2ccc(O)c(NC(C)=O)c2)cc1,COc1ccc(CC(C)NCC(O)c2ccc(OS(=O)(=O)O)c(NC=O)c2)cc1,COc1ccc(CC(C)NCC(=O)c2ccc(O)c(NC=O)c2)cc1,COc1ccc(CC(C)NCC(O)c2ccc(OC3OC(C(=O)O)C(O)C(O)C3O)c(N)c2)cc1,COc1ccc(CC(C)NCC(OC2OC(C(=O)O)C(O)C(O)C2O)c2ccc(O)c(NC=O)c2)cc1,O=CNc1cc(C(O)CO)ccc1O,COc1ccc(CC(C)N)cc1"
CN(C)c1ccc(O)c2c1C[C@H]1C[C@H]3[C@H](N(C)C)C(O)=C(C(N)=O)C(=O)[C@@]3(O)C(O)=C1C2=O,"CNc1ccc(O)c2c1CC1CC3C(N(C)C)C(O)=C(C(N)=O)C(=O)C3(O)C(O)=C1C2=O,CN(C)c1cc(O)c(O)c2c1CC1CC3C(N(C)C)C(O)=C(C(N)=O)C(=O)C3(O)C(O)=C1C2=O,CNC1C(O)=C(C(N)=O)C(=O)C2(O)C(O)=C3C(=O)c4c(O)ccc(N(C)C)c4CC3CC12","CN(C)c1ccc(O)c2c1CC1CC3C(N(C)C)C(O)=C(C(N)=O)C(=O)C3(O)C(O)=C1C2=O,CNc1ccc(O)c2c1CC1CC3C(N(C)C)C(O)=C(C(N)=O)C(=O)C3(O)C(O)=C1C2=O,CNC1C(O)=C(C(N)=O)C(=O)C2(O)C(O)=C3C(=O)c4c(O)ccc(N(C)C)c4CC3CC12,CN(C)c1ccc(O)c2c1CC1CC3C(N(C)C)C(O)=C(C(=O)O)C(=O)C3(O)C(O)=C1C2=O,CN(C)c1ccc(OC2OC(C(=O)O)C(O)C(O)C2O)c2c1CC1CC3C(N(C)C)C(O)=C(C(N)=O)C(=O)C3(O)C(O)=C1C2=O,CN(C)c1ccc(O)c2c1CC1CC3C([N+](C)(C)[O-])C(O)=C(C(N)=O)C(=O)C3(O)C(O)=C1C2=O,CNc1ccc(OC2OC(C(=O)O)C(O)C(O)C2O)c2c1CC1CC3C(N(C)C)C(O)=C(C(N)=O)C(=O)C3(O)C(O)=C1C2=O,CNC1C(O)=C(C(N)=O)C(=O)C2(O)C(O)=C3C(=O)c4c(OC5OC(C(=O)O)C(O)C(O)C5O)ccc(N(C)C)c4CC3CC12,CN(C)c1ccc(O)c2c1CC1CC3C(N(C)C)C(O)=C(C(N)=O)C(O)C3(O)C(O)=C1C2=O,CN(C)c1ccc(OS(=O)(=O)O)c2c1CC1CC3C(N(C)C)C(O)=C(C(N)=O)C(=O)C3(O)C(O)=C1C2=O,CN(C)c1ccc(O)c2c1CC1CC3C(N(C)C)C(O)=C(C(N)=O)C(=O)C3(O)C(OC3OC(C(=O)O)C(O)C(O)C3O)=C1C2=O,CN(C)c1ccc(O)c2c1CC1CC3C(N(C)C)C(O)=C(C(N)=O)C(=O)C3(OC3OC(C(=O)O)C(O)C(O)C3O)C(O)=C1C2=O"
CC1(C)S[C@@H]2[C@H](NC(=O)[C@H](N)c3ccc(O)cc3)C(=O)N2[C@H]1C(=O)O,"CC(C(=O)NC1C(=O)N2C1SC(C)(C)C2C(=O)O)c1ccc(O)cc1,CC1(C)SC2C(NC(=O)C(N)c3ccc(O)c(O)c3)C(=O)N2C1C(=O)O,CC1(C)CN2C(=O)C(NC(=O)C(N)c3ccc(O)cc3)C2S1,CC1(CO)SC2C(NC(=O)C(N)c3ccc(O)cc3)C(=O)N2C1C(=O)O,CC1(C)SC2C(NC(=O)C(N)c3ccc(OC4OC(C(=O)O)C(O)C(O)C4O)cc3)C(=O)N2C1C(=O)O","CC1(C)SC2C(NC(=O)C(N)c3ccc(O)cc3)C(=O)N2C1C(=O)O,CC1(C)SC2C(NC(=O)C(N)c3ccc(OC4OC(C(=O)O)C(O)C(O)C4O)cc3)C(=O)N2C1C(=O)O,CC1(C)C(C(=O)O)N2C(=O)C(NC(=O)C(N)c3ccc(O)cc3)C2S1=O,CC1(C)SC2C(NC(=O)C(N)c3ccc(O)cc3)C(=O)N2C1C(=O)OC1OC(C(=O)O)C(O)C(O)C1O,CC(=O)NC(C(=O)NC1C(=O)N2C1SC(C)(C)C2C(=O)O)c1ccc(O)cc1,CC1(C)SC2C(NC(=O)C(N)c3ccc(OS(=O)(=O)O)cc3)C(=O)N2C1C(=O)O,CC1(C)SC(C(NC(=O)C(N)c2ccc(O)cc2)C(=O)O)NC1C(=O)O,NC(C(=O)O)c1ccc(O)cc1,CC1(C)SC2C(N)C(=O)N2C1C(=O)O,CC1(CO)SC2C(NC(=O)C(N)c3ccc(O)cc3)C(=O)N2C1C(=O)O,CC1(C)C(C(=O)O)N2C(=O)C(NC(=O)C(N)c3ccc(OC4OC(C(=O)O)C(O)C(O)C4O)cc3)C2S1=O,COc1ccc(C(N)C(=O)NC2C(=O)N3C2SC(C)(C)C3C(=O)O)cc1"
CC(CN1c2ccccc2Sc2ccccc21)N(C)C,"CC(CN1c2ccccc2SC2C=CC(O)=CC21)N(C)C,CNC(C)CN1c2ccccc2Sc2ccccc21,CC(CN1c2ccccc2S(=O)c2ccccc21)N(C)C","CC(CN1c2ccccc2Sc2ccccc21)N(C)C,CNC(C)CN1c2ccccc2Sc2ccccc21,CC(CN1c2ccccc2S(=O)c2ccccc21)N(C)C,CC(CN1c2ccccc2Sc2ccccc21)[N+](C)(C)[O-],CC(CN1c2ccccc2Sc2cc(O)ccc21)N(C)C,c1ccc2c(c1)Nc1ccccc1S2,CC(CO)N(C)C,CC(CN1c2ccccc2Sc2cc(OC3OC(C(=O)O)C(O)C(O)C3O)ccc21)N(C)C,CC(CN1c2ccccc2Sc2cccc(O)c21)N(C)C,CC(CN1c2ccccc2Sc2cc(OS(=O)(=O)O)ccc21)N(C)C,CN(C)C(C)(O)CN1c2ccccc2Sc2ccccc21,CC(COC1OC(C(=O)O)C(O)C(O)C1O)N(C)C"
CCCCc1oc2ccccc2c1C(=O)c1cc(I)c(OCCN(CC)CC)c(I)c1,CCCCc1oc2ccccc2c1C(=O)c1cc(I)c(OCCNCC)c(I)c1,"CCCCc1oc2ccccc2c1C(=O)c1cc(I)c(OCCN(CC)CC)c(I)c1,CCCCc1oc2ccccc2c1C(=O)c1ccc(OCCN(CC)CC)c(I)c1,CCNCC,CCCCc1oc2ccccc2c1C(=O)c1cc(I)c(OCCNCC)c(I)c1,CCCCc1oc2ccccc2c1C(=O)c1cc(I)c(OCCO)c(I)c1,CCN(CC)CCOc1c(I)cc(C(=O)c2c(CCC(C)O)oc3ccccc23)cc1I,CCCCc1oc2ccccc2c1C(=O)c1cc(I)c(O)c(I)c1,CCN(CC)CCO,CCCC(O)c1oc2ccccc2c1C(=O)c1cc(I)c(OCCN(CC)CC)c(I)c1,CCN(CC)CCOc1c(I)cc(C(=O)c2c(CCCCO)oc3ccccc23)cc1I,CCCCc1oc2cc(O)ccc2c1C(=O)c1cc(I)c(OCCN(CC)CC)c(I)c1,CCCCc1oc2ccccc2c1C(=O)c1cc(I)c(OCC[N+]([O-])(CC)CC)c(I)c1"
C[C@H]1COc2c(N3CCN(C)CC3)c(F)cc3c(=O)c(C(=O)O)cn1c23,"CC1COc2c(N3CCNCC3)c(F)cc3c(=O)c(C(=O)O)cn1c23,CC1COc2c(N3CC[N+](C)([O-])CC3)c(F)cc3c(=O)c(C(=O)O)cn1c23","CC1COc2c(N3CCN(C)CC3)c(F)cc3c(=O)c(C(=O)O)cn1c23,CC1COc2c(N3CCNCC3)c(F)cc3c(=O)c(C(=O)O)cn1c23,CC1COc2c(N3CCN(C)CC3)c(F)cc3c(=O)c(C(=O)OC4OC(C(=O)O)C(O)C(O)C4O)cn1c23,CC1COc2c(N3CC[N+](C)([O-])CC3)c(F)cc3c(=O)c(C(=O)O)cn1c23,CC1COc2c(N3CCNCC3)c(F)cc3c(=O)c(C(=O)OC4OC(C(=O)O)C(O)C(O)C4O)cn1c23,CC1COc2c(N3CCN(C)CC3)c(F)cc3c2N1CC(C(=O)O)C3=O,CC(CO)n1cc(C(=O)O)c(=O)c2cc(F)c(N3CCN(C)CC3)c(O)c21,CC1COc2c(N3CCN(C)CC3)c(F)cc3c(=O)c(C(=O)NCC(=O)O)cn1c23,CC1COc2c(N3CCN(C)CC3)c(F)cc3c(=O)c(C(=O)O)c(O)n1c23,CC1COc2c(N3CC[N+](C)([O-])CC3)c(F)cc3c(=O)c(C(=O)OC4OC(C(=O)O)C(O)C(O)C4O)cn1c23,CC1COc2c(N3CCN(C)CC3)c(F)c(O)c3c(=O)c(C(=O)O)cn1c23,CC1COc2c(N3CCN(C)CC3=O)c(F)cc3c(=O)c(C(=O)O)cn1c23"
CCC1(c2ccccc2)C(=O)NC(=O)NC1=O,CCC1(c2ccc(O)cc2)C(=O)NC(=O)NC1=O,"CCC1(c2ccccc2)C(=O)NC(=O)NC1=O,CC(O)C1(c2ccccc2)C(=O)NC(=O)NC1=O,CCC(C(=O)O)(C(=O)NC(N)=O)c1ccccc1,O=C1NC(=O)C(CCO)(c2ccccc2)C(=O)N1,CCC1(c2ccc(O)cc2)C(=O)NC(=O)NC1=O,CCC(C([NH])=O)(C(=O)NC(=O)O)c1ccccc1,O=C(O)CC1(c2ccccc2)C(=O)NC(=O)NC1=O,CCC1(c2ccc(O)c(OC)c2)C(=O)NC(=O)NC1=O,CCC1(c2ccccc2)C(=O)NC(=O)N(C2OC(C(=O)O)C(O)C(O)C2O)C1=O,CCC1(c2cccc(O)c2)C(=O)NC(=O)NC1=O,CCC1(c2ccc(OC3OC(C(=O)O)C(O)C(O)C3O)cc2)C(=O)NC(=O)NC1=O,CCC(C(=O)NC(N)=O)(C(=O)OC1OC(C(=O)O)C(O)C(O)C1O)c1ccccc1"
CCC[C@@H]1C[C@@H](C(=O)NC(C(C)Cl)[C@H]2O[C@H](SC)[C@H](O)[C@@H](O)[C@H]2O)N(C)C1,"CCCC1CNC(C(=O)NC(C(C)Cl)C2OC(SC)C(O)C(O)C2O)C1,CCCC1CC(C(=O)NC(C(C)Cl)C2OC(S(C)=O)C(O)C(O)C2O)N(C)C1","CCCC1CC(C(=O)NC(C(C)Cl)C2OC(SC)C(O)C(O)C2O)N(C)C1,CCCC1CNC(C(=O)NC(C(C)Cl)C2OC(SC)C(O)C(O)C2O)C1,CCCC1CC(C(=O)NC(C(C)Cl)C2OC(S(C)=O)C(O)C(O)C2O)N(C)C1,CCCC1CC(C(=O)NC(C(C)Cl)C2OC(SC)C(O)C(O)C2O)[N+](C)([O-])C1,CCCC1CC(C(=O)NC(C(C)O)C2OC(SC)C(O)C(O)C2O)N(C)C1,CSC1OC(C(NC(=O)C2CC(CC(C)O)CN2C)C(C)Cl)C(O)C(O)C1O,CCCC1CC(C(=O)O)N(C)C1,CSC1OC(C(N)C(C)Cl)C(O)C(O)C1O,CSC1OC(C(NC(=O)C2CC(CCCO)CN2C)C(C)Cl)C(O)C(O)C1O,CCCC1CC(C(=O)NC(C(C)Cl)C2OC(SC)C(O)C(O)C2O)N(C)C1O,CSC1OC(C(NC(=O)C2CC(CCC(=O)O)CN2C)C(C)Cl)C(O)C(O)C1O,CCCC1CC(C(=O)NC(C(C)Cl)C2OC(SC)C(O)C(O)C2O)[N+](C)(C2OC(C(=O)O)C(O)C(O)C2O)C1"
CN[C@@H](C)[C@H](O)c1ccccc1,"CC(O)C(O)c1ccccc1,CC(N)C(O)c1ccccc1","CNC(C)C(O)c1ccccc1,CC(N)C(O)c1ccccc1,CNC(C)C(=O)c1ccccc1,CNC(C)C(OC1OC(C(=O)O)C(O)C(O)C1O)c1ccccc1,CC(=O)NC(C)C(O)c1ccccc1,CNC(C)C(O)c1ccc(O)cc1,CC(N)C(OC1OC(C(=O)O)C(O)C(O)C1O)c1ccccc1,CNC(C)C(O)c1ccc(O)c(OC)c1,CC(=O)N(C)C(C)C(O)c1ccccc1,CNC(C)C(OS(=O)(=O)O)c1ccccc1,CNC(C)=Cc1ccccc1,CNC(C)C(O)c1cccc(O)c1"
Cc1cccc(C)c1OCC(=O)N[C@@H](Cc1ccccc1)[C@@H](O)C[C@H](Cc1ccccc1)NC(=O)[C@H](C(C)C)N1CCCNC1=O,"Cc1cccc(C)c1OCC(=O)NC(Cc1ccccc1)C(O)CC(Cc1ccccc1)NC(=O)C(C(C)C)N1C(=O)NCCC1O,Cc1cccc(C)c1OCC(=O)NC(Cc1ccccc1)C(O)CC(Cc1ccccc1)NC(=O)C(C(C)C)N1CCC(O)NC1=O","Cc1cccc(C)c1OCC(=O)NC(Cc1ccccc1)C(O)CC(Cc1ccccc1)NC(=O)C(C(C)C)N1CCCNC1=O,Cc1cccc(CO)c1OCC(=O)NC(Cc1ccccc1)C(O)CC(Cc1ccccc1)NC(=O)C(C(C)C)N1CCCNC1=O,Cc1cccc(C)c1OCC(=O)NC(Cc1ccccc1)C(O)CC(Cc1ccccc1)NC(=O)C(C(C)C)N1CC(O)CNC1=O,Cc1cccc(C)c1OCC(=O)NC(Cc1ccccc1)C(CC(Cc1ccccc1)NC(=O)C(C(C)C)N1CCCNC1=O)OC1OC(C(=O)O)C(O)C(O)C1O,Cc1cccc(C)c1OCC(=O)NC(Cc1ccccc1)C(=O)CC(Cc1ccccc1)NC(=O)C(C(C)C)N1CCCNC1=O,Cc1cccc(C)c1OCC(=O)NC(Cc1ccccc1)C(O)CC(Cc1ccccc1)NC(=O)C(N1CCCNC1=O)C(C)(C)O,CC(C)C(C(=O)O)N1CCCNC1=O,Cc1cccc(C)c1OCC(=O)O,Cc1cccc(C)c1OCC(=O)NC(Cc1ccccc1)C(O)CC(N)Cc1ccccc1,CC(C)C(C(=O)NC(Cc1ccccc1)CC(O)C(N)Cc1ccccc1)N1CCCNC1=O,CC(C)C(C(=O)NC(Cc1ccccc1)CC(O)C(Cc1ccccc1)NC(=O)CO)N1CCCNC1=O,Cc1cccc(C)c1O"
O=C(O)CCC(=O)OC[C@@H](NC(=O)C(Cl)Cl)[C@H](O)c1ccc([N+](=O)[O-])cc1,O=C(NC(CO)C(O)c1ccc([N+](=O)[O-])cc1)C(Cl)Cl,"O=C(O)CCC(=O)OCC(NC(=O)C(Cl)Cl)C(O)c1ccc([N+](=O)[O-])cc1,O=C(O)CCC(=O)O,O=C(NC(CO)C(O)c1ccc([N+](=O)[O-])cc1)C(Cl)Cl,O=C(O)CCC(=O)OCC(=Cc1ccc([N+](=O)[O-])cc1)NC(=O)C(Cl)Cl,O=C(O)C(=O)OCC(NC(=O)C(Cl)Cl)C(O)c1ccc([N+](=O)[O-])cc1,O=C(CCC(=O)OC1OC(C(=O)O)C(O)C(O)C1O)OCC(NC(=O)C(Cl)Cl)C(O)c1ccc([N+](=O)[O-])cc1,Nc1ccc(C(O)C(COC(=O)CCC(=O)O)NC(=O)C(Cl)Cl)cc1,O=C(O)CCC(=O)OCC(NC(=O)C(O)Cl)C(O)c1ccc([N+](=O)[O-])cc1,O=C(O)CCC(=O)OCC(NC(=O)C(Cl)Cl)C(=O)c1ccc([N+](=O)[O-])cc1,O=C(O)CCC(=O)OCC(NC(=O)C(Cl)Cl)C(OC1OC(C(=O)O)C(O)C(O)C1O)c1ccc([N+](=O)[O-])cc1,NC(COC(=O)CCC(=O)O)C(O)c1ccc([N+](=O)[O-])cc1,O=C(O)C(Cl)Cl"
CCCSc1nc(N[C@@H]2C[C@H]2c2ccc(F)c(F)c2)c2nnn([C@@H]3C[C@H](OCCO)[C@@H](O)[C@H]3O)c2n1,"CCCSc1nc(N)c2nnn(C3CC(OCCO)C(O)C3O)c2n1,CCCSc1nc(NC2CC2c2ccc(F)c(F)c2)c2nnn(C3CC(O)C(O)C3O)c2n1","CCCSc1nc(NC2CC2c2ccc(F)c(F)c2)c2nnn(C3CC(OCCO)C(O)C3O)c2n1,CCCSc1nc(NC2CC2c2ccc(F)c(F)c2)c2nnn(C3CC(OCC(=O)O)C(O)C3O)c2n1,CCCS(=O)c1nc(NC2CC2c2ccc(F)c(F)c2)c2nnn(C3CC(OCCO)C(O)C3O)c2n1,CC(O)CSc1nc(NC2CC2c2ccc(F)c(F)c2)c2nnn(C3CC(OCCO)C(O)C3O)c2n1,CCCSc1nc(NC2CC2c2ccc(F)c(F)c2)c2nnn(C3CC(OCCOC4OC(C(=O)O)C(O)C(O)C4O)C(O)C3O)c2n1,CCCSc1nc(NC2CC2c2ccc(F)c(F)c2)c2nnn(C3CC(OCCO)C(O)C3OC3OC(C(=O)O)C(O)C(O)C3O)c2n1,CCCSc1nc(NC2CC2c2ccc(F)c(F)c2)c2nnn(C3CC(OCCO)C(OC4OC(C(=O)O)C(O)C(O)C4O)C3O)c2n1,CCCSc1nc(NC2CC2c2ccc(F)c(F)c2)c2nnn(C3CC(O)C(O)C3O)c2n1,OCCCSc1nc(NC2CC2c2ccc(F)c(F)c2)c2nnn(C3CC(OCCO)C(O)C3O)c2n1,OCCOC1CC(n2nnc3c(NC4CC4c4ccc(F)c(F)c4)nc(S)nc32)C(O)C1O,CCCSc1nc(NC2CC2c2ccc(F)c(F)c2)c2nnn(C3CC(OCCO)C(O)C3O)c2[n+]1[O-],CCCSc1nc2c(nnn2C2CC(OCCO)C(O)C2O)c(NC2CC2c2ccc(F)c(F)c2)[n+]1[O-]"
CCCCCCCCc1ccc(CCC(N)(CO)CO)cc1,CCCCCCCCc1ccc(CCC(N)(CO)COP(=O)(O)O)cc1,"CCCCCCCCc1ccc(CCC(N)(CO)CO)cc1,CCCCCCCCc1ccc(CCC(N)(CO)C(=O)O)cc1,CCCCCCCCc1ccc(CCC(CO)(CO)NC(C)=O)cc1,CC(O)CCCCCCc1ccc(CCC(N)(CO)CO)cc1,CCCCCCCCc1ccc(CCC(N)(CO)COC2OC(C(=O)O)C(O)C(O)C2O)cc1,CCCCCCCCc1ccc(C(O)CC(N)(CO)CO)cc1,CCCCCCCC(O)c1ccc(CCC(N)(CO)CO)cc1,NC(CO)(CO)CCc1ccc(CCCCCCCCO)cc1,NC(CO)(CO)CCc1ccc(CCCCCCCC(=O)O)cc1,CCCCCCCCc1ccc(CCC(N)(CO)C(=O)OC2OC(C(=O)O)C(O)C(O)C2O)cc1,CCCCCCCCc1ccc(CCC(CO)(NC(C)=O)C(=O)O)cc1,CCCCCCCCc1ccc(CCC(N)(COC2OC(C(=O)O)C(O)C(O)C2O)C(=O)O)cc1"
C[C@@H]1CC[C@H]2[C@@H](C)[C@H](OC(=O)CCC(=O)O)O[C@@H]3O[C@@]4(C)CC[C@@H]1[C@@]23OO4,CC1CCC2C(C)C(O)OC3OC4(C)CCC1C32OO4,"CC1CCC2C(C)C(OC(=O)CCC(=O)O)OC3OC4(C)CCC1C32OO4,O=C(O)CCC(=O)O,CC1CCC2C(C)C(O)OC3OC4(C)CCC1C32OO4,CC1CCC2C(C)C(OC(=O)C(=O)O)OC3OC4(C)CCC1C32OO4,CC1CCC2C(C)C(OC(=O)CCC(=O)O)OC(O)C23OOC(C)(O)CCC13,CC1CCC2C(C)C(OC(=O)CCC(=O)OC3OC(C(=O)O)C(O)C(O)C3O)OC3OC4(C)CCC1C32OO4,CC1CCC2C(C)C(OC(=O)CCC(=O)O)OC3OC4(CO)CCC1C32OO4,CC1CCC2C(C)C(OC(=O)C=CC(=O)O)OC3OC4(C)CCC1C32OO4,O=C(O)CCC(=O)OC1OC(C(=O)O)C(O)C(O)C1O,CC1CCC2C(C)C(OC(=O)CCC(=O)NCC(=O)O)OC3OC4(C)CCC1C32OO4,CC1C(OC(=O)CCC(=O)O)OC2OC3(C)CCC4C(CO)CCC1C24OO3,CC1CCC2C(CO)C(OC(=O)CCC(=O)O)OC3OC4(C)CCC1C32OO4"
O=C(O)c1cc(O)c2c(c1)C(C1c3cc(C(=O)O)cc(O)c3C(=O)c3c(OC4OC(CO)C(O)C(O)C4O)cccc31)c1cccc(OC3OC(CO)C(O)C(O)C3O)c1C2=O,O=C(O)c1cc(O)c2c(c1)C(C1c3cccc(O)c3C(=O)c3c(O)cc(C(=O)O)cc31)c1cccc(O)c1C2=O,"O=C(O)c1cc(O)c2c(c1)C(C1c3cc(C(=O)O)cc(O)c3C(=O)c3c(OC4OC(CO)C(O)C(O)C4O)cccc31)c1cccc(OC3OC(CO)C(O)C(O)C3O)c1C2=O,O=C(O)c1cc(O)c2c(c1)C(C1c3cc(C(=O)OC4OC(C(=O)O)C(O)C(O)C4O)cc(O)c3C(=O)c3c(OC4OC(CO)C(O)C(O)C4O)cccc31)c1cccc(OC3OC(CO)C(O)C(O)C3O)c1C2=O,O=C(O)c1cc(O)c2c(c1)C(C1c3cccc(OC4OC(CO)C(O)C(O)C4O)c3C(=O)c3c(OC4OC(C(=O)O)C(O)C(O)C4O)cc(C(=O)O)cc31)c1cccc(OC3OC(CO)C(O)C(O)C3O)c1C2=O,O=C(O)c1cc(O)c2c(c1)C(C1c3cc(C(=O)O)cc(O)c3C(=O)c3c(OC4OC(C(=O)O)C(O)C(O)C4O)cccc31)c1cccc(OC3OC(CO)C(O)C(O)C3O)c1C2=O,O=C(O)c1cc(O)c2c(c1)C(C1c3cc(C(=O)O)cc(O)c3C(=O)c3c(OC4OC(CO)C(O)C(O)C4O)cccc31)c1cccc(O)c1C2=O,OCC1OC(O)C(O)C(O)C1O,O=C(O)c1cc(O)c2c(c1)C(C1c3cccc(OC4OC(CO)C(O)C(O)C4O)c3C(=O)c3c(OS(=O)(=O)O)cc(C(=O)O)cc31)c1cccc(OC3OC(CO)C(O)C(O)C3O)c1C2=O,O=C(O)c1cc(O)c2c(c1)C(C1c3cc(C(=O)O)cc(O)c3C(=O)c3c(OC4OC(COC5OC(C(=O)O)C(O)C(O)C5O)C(O)C(O)C4O)cccc31)c1cccc(OC3OC(CO)C(O)C(O)C3O)c1C2=O,O=C(O)CNC(=O)c1cc(O)c2c(c1)C(C1c3cc(C(=O)O)cc(O)c3C(=O)c3c(OC4OC(CO)C(O)C(O)C4O)cccc31)c1cccc(OC3OC(CO)C(O)C(O)C3O)c1C2=O,O=C(O)c1cc(O)c2c(c1)C(C1c3cc(C(=O)OC4OC(C(=O)O)C(O)C(O)C4O)cc(O)c3C(=O)c3c(OC4OC(CO)C(O)C(O)C4O)cccc31)c1cccc(OC3OC(C(=O)O)C(O)C(O)C3O)c1C2=O,O=C(O)c1cc(O)c2c(c1)C(C1c3cc(C(=O)OC4OC(C(=O)O)C(O)C(O)C4O)cc(O)c3C(=O)c3c(OC4OC(C(=O)O)C(O)C(O)C4O)cccc31)c1cccc(OC3OC(CO)C(O)C(O)C3O)c1C2=O,O=C(O)c1cc(O)c2c(c1)C(C1c3cc(C(=O)O)cc(O)c3C(=O)c3c1ccc(O)c3OC1OC(CO)C(O)C(O)C1O)c1cccc(OC3OC(CO)C(O)C(O)C3O)c1C2=O"
Clc1ccc(CCCOCCCN2CCCCC2)cc1,"O=C(O)CCCCNCCCOCCCc1ccc(Cl)cc1,[O-][N+]1(CCCOCCCc2ccc(Cl)cc2)CCCCC1","Clc1ccc(CCCOCCCN2CCCCC2)cc1,C1CCNCC1,OCCCOCCCc1ccc(Cl)cc1,OC1CCCN(CCCOCCCc2ccc(Cl)cc2)C1,OC1CCN(CCCOCCCc2ccc(Cl)cc2)CC1,OCCCN1CCCCC1,OCCCc1ccc(Cl)cc1,OC(CCOCCCN1CCCCC1)c1ccc(Cl)cc1,[O-][N+]1(CCCOCCCc2ccc(Cl)cc2)CCCCC1,O=C1CCCCN1CCCOCCCc1ccc(Cl)cc1,OC1CCCCN1CCCOCCCc1ccc(Cl)cc1,Oc1cc(CCCOCCCN2CCCCC2)ccc1Cl"
NC(=O)c1nc(F)cnc1O,NC(=O)c1nc(F)c(O)nc1O,"NC(=O)c1nc(F)cnc1O,O=C(O)c1nc(F)cnc1O,NC(=O)c1nc(F)cnc1OC1OC(C(=O)O)C(O)C(O)C1O,NC(=O)c1nc(F)cnc1OS(=O)(=O)O,O=C(OC1OC(C(=O)O)C(O)C(O)C1O)c1nc(F)cnc1O,O=C(O)c1nc(F)cnc1OC1OC(C(=O)O)C(O)C(O)C1O,NC(=O)c1nc(F)c(O)nc1O,COc1ncc(F)nc1C(N)=O,NC(=O)c1c(O)ncc(F)[n+]1[O-],NC(=O)c1nc(F)c[n+]([O-])c1O,O=C(O)c1nc(F)cnc1OS(=O)(=O)O,O=C(O)CNC(=O)c1nc(F)cnc1O"
CCN(c1cc(-c2ccc(CN3CCOCC3)cc2)cc(C(=O)NCc2c(C)cc(C)[nH]c2=O)c1C)C1CCOCC1,Cc1cc(C)c(CNC(=O)c2cc(-c3ccc(CN4CCOCC4)cc3)cc(NC3CCOCC3)c2C)c(=O)[nH]1,"CCN(c1cc(-c2ccc(CN3CCOCC3)cc2)cc(C(=O)NCc2c(C)cc(C)[nH]c2=O)c1C)C1CCOCC1,CCN(c1cc(-c2ccc(CN3CCOCC3)cc2)cc(C(=O)NCc2c(C)cc(CO)[nH]c2=O)c1C)C1CCOCC1,CCN(c1cc(-c2ccc(CN3CCOCC3)cc2)cc(C(=O)NCc2c(C)cc(C)[nH]c2=O)c1CO)C1CCOCC1,CCN(c1cc(-c2ccc(CN3CCOCC3)cc2)cc(C(=O)NCc2c(CO)cc(C)[nH]c2=O)c1C)C1CCOCC1,CCN(c1cc(-c2ccc(CN3CCOCC3)cc2)c(O)c(C(=O)NCc2c(C)cc(C)[nH]c2=O)c1C)C1CCOCC1,Cc1cc(C)c(CNC(=O)c2cc(-c3ccc(CN4CCOCC4)cc3)cc(NC3CCOCC3)c2C)c(=O)[nH]1,CCN(c1cc(-c2ccc(CO)cc2)cc(C(=O)NCc2c(C)cc(C)[nH]c2=O)c1C)C1CCOCC1,CCN(c1cc(-c2ccc(CNCCO)cc2)cc(C(=O)NCc2c(C)cc(C)[nH]c2=O)c1C)C1CCOCC1,Cc1cc(C)c(CN)c(=O)[nH]1,CCN(c1cc(-c2ccc(CN3CCOCC3)cc2)cc(C(=O)O)c1C)C1CCOCC1,CCN(c1cc(-c2ccc(CN(CCO)CCO)cc2)cc(C(=O)NCc2c(C)cc(C)[nH]c2=O)c1C)C1CCOCC1,CCN(c1cc(-c2ccc(CN3CCOCC3)cc2)cc(C(=O)NCc2c(C)cc(C)[nH]c2=O)c1C)C(CCO)CCO"
CCOC(=O)c1c(CSc2ccccc2)n(C)c2cc(Br)c(O)c(CN(C)C)c12,"CCOC(=O)c1c(CS(=O)(=O)c2ccccc2)n(C)c2cc(Br)c(O)c(CNC)c12,CCOC(=O)c1c(CS(=O)c2ccccc2)n(C)c2cc(Br)c(O)c(CNC)c12,CCOC(=O)c1c(CS(=O)(=O)c2ccccc2)n(C)c2cc(Br)c(OS(=O)(=O)[O-])c(CN(C)C)c12,CCOC(=O)c1c(CSc2ccc(O)cc2)n(C)c2cc(Br)c(O)c(CN(C)C)c12,CCOC(=O)c1c(CS(=O)c2ccccc2)n(C)c2cc(Br)c(O)c(CN(C)C)c12,CCOC(=O)c1c(CSc2ccccc2)n(C)c2cc(Br)c(O)c(CNC)c12,CCOC(=O)c1c(CSc2ccccc2)n(C)c2cc(Br)c(OC3OC(C(=O)O)C(O)C(O)C3O)c(CN(C)C)c12,CCOC(=O)c1c(CSc2ccccc2)n(C)c2cc(Br)c(OS(=O)(=O)[O-])c(CN(C)C)c12,CCOC(=O)c1c(CO)n(C)c2cc(Br)c(O)c(CN(C)C)c12,CCOC(=O)c1c(CS(=O)(=O)c2ccccc2)n(C)c2cc(Br)c(O)c(CN(C)C)c12","CCOC(=O)c1c(CSc2ccccc2)n(C)c2cc(Br)c(O)c(CN(C)C)c12,CCOC(=O)c1c(CSc2ccccc2)n(C)c2cc(Br)c(O)c(CNC)c12,CN(C)Cc1c(O)c(Br)cc2c1c(C(=O)O)c(CSc1ccccc1)n2C,CCOC(=O)c1c(CSc2ccccc2)[nH]c2cc(Br)c(O)c(CN(C)C)c12,CCOC(=O)c1c(CSc2ccccc2)n(C)c2cc(Br)c(OC3OC(C(=O)O)C(O)C(O)C3O)c(CN(C)C)c12,CCOC(=O)c1c(CSc2ccccc2)n(C)c2cc(Br)c(O)c(C[N+](C)(C)[O-])c12,CCOC(=O)c1c(CS(=O)c2ccccc2)n(C)c2cc(Br)c(O)c(CN(C)C)c12,CCOC(=O)c1c(CSc2ccccc2)n(C)c2cc(Br)c(OC3OC(C(=O)O)C(O)C(O)C3O)c(CNC)c12,CCOC(=O)c1c(CSc2ccccc2)n(C)c2cc(Br)c(O)c(CO)c12,CCOC(=O)c1c(CSc2ccccc2)n(C)c2cc(Br)c(OS(=O)(=O)O)c(CN(C)C)c12,CN(C)Cc1c(O)c(Br)cc2c1c(C(=O)OC1OC(C(=O)O)C(O)C(O)C1O)c(CSc1ccccc1)n2C,CCOC(=O)c1c(CSc2ccccc2)n(C)c2cc(Br)c(OS(=O)(=O)O)c(CNC)c12"
CN(C)C(=O)COC(=O)Cc1ccc(OC(=O)c2ccc(NC(=N)N)cc2)cc1,N=C(N)Nc1ccc(C(=O)Oc2ccc(CC(=O)O)cc2)cc1,"CN(C)C(=O)COC(=O)Cc1ccc(OC(=O)c2ccc(NC(=N)N)cc2)cc1,CNC(=O)COC(=O)Cc1ccc(OC(=O)c2ccc(NC(=N)N)cc2)cc1,CN(C)C(=O)CO,N=C(N)Nc1ccc(C(=O)O)cc1,CN(C)C(=O)COC(=O)Cc1ccc(O)cc1,N=C(N)Nc1ccc(C(=O)Oc2ccc(CC(=O)O)cc2)cc1,N=C(N)Nc1ccc(C(=O)Oc2ccc(CC(=O)OCC(=O)O)cc2)cc1,N=C(N)Nc1ccc(C(=O)OC2OC(C(=O)O)C(O)C(O)C2O)cc1,CN(C)C(=O)COC(=O)C(O)c1ccc(OC(=O)c2ccc(NC(=N)N)cc2)cc1,CN(C)C(=O)COC(=O)Cc1ccc(OC2OC(C(=O)O)C(O)C(O)C2O)cc1,N=C(N)Nc1ccc(C(=O)Oc2ccc(CC(=O)OC3OC(C(=O)O)C(O)C(O)C3O)cc2)cc1,CN(C)C(=O)COC(=O)Cc1ccc(OS(=O)(=O)O)cc1"
O=C1CN=C(c2ccccc2)c2cc(Cl)ccc2N1,"O=C(O)C1OC(OC2CN=C(c3ccccc3)c3cc(Cl)ccc3N2)C(O)C(O)C1O,O=C1Nc2ccc(Cl)cc2C(c2ccccc2)=NC1O","O=C1CN=C(c2ccccc2)c2cc(Cl)ccc2N1,O=C1Nc2ccc(Cl)cc2C(c2ccccc2)=NC1O,Nc1ccc(Cl)cc1C(=NCC(=O)O)c1ccccc1,O=C1CN=C(c2ccccc2)c2cc(Cl)c(O)cc2N1,O=C1CN=C(c2ccc(O)cc2)c2cc(Cl)ccc2N1,O=C1CN=C(c2ccccc2)c2cc(O)ccc2N1,O=C1Nc2ccc(Cl)cc2C(c2ccccc2)=NC1OC1OC(C(=O)O)C(O)C(O)C1O,O=C1C[N+]([O-])=C(c2ccccc2)c2cc(Cl)ccc2N1,O=C1CN=C(c2ccccc2)c2cc(Cl)cc(O)c2N1,O=C(O)C1OC(N2C(=O)CN=C(c3ccccc3)c3cc(Cl)ccc32)C(O)C(O)C1O,NCC(=O)Nc1ccc(Cl)cc1C(=O)c1ccccc1,CC(=O)Nc1ccc(Cl)cc1C(=NCC(=O)O)c1ccccc1"
Cn1nnc(-c2ccc(-c3ccc(N4C[C@H](CO)OC4=O)cc3F)cn2)n1,"Cn1nnc(-c2ccc(-c3ccc(NCC(=O)O)cc3F)cn2)n1,Cn1nnc(-c2ccc(-c3ccc(N4CC(C=S(=O)([O-])[O-])OC4=O)cc3F)cn2)n1,Cn1nnc(-c2ccc(-c3ccc(N4CC(C(=O)O)OC4=O)cc3F)cn2)n1,O=C1OC(CO)CN1c1ccc(-c2ccc(-c3nn[nH]n3)nc2)c(F)c1","Cn1nnc(-c2ccc(-c3ccc(N4CC(CO)OC4=O)cc3F)cn2)n1,Cn1nnc(-c2ccc(-c3ccc(N4CC(COP(=O)(O)O)OC4=O)cc3F)cn2)n1,O=C1OC(CO)CN1c1ccc(-c2ccc(-c3nn[nH]n3)nc2)c(F)c1,Cn1nnc(-c2ccc(-c3ccc(N4CC(C(=O)O)OC4=O)cc3F)cn2)n1,O=C1OC(COP(=O)(O)O)CN1c1ccc(-c2ccc(-c3nn[nH]n3)nc2)c(F)c1,Cn1nnc(-c2ccc(-c3ccc(N4CC(COC5OC(C(=O)O)C(O)C(O)C5O)OC4=O)cc3F)cn2)n1,Cn1nnc(-c2ccc(-c3ccc(NCC(CO)OC(=O)O)cc3F)cn2)n1,Cn1nnc(-c2ccc(-c3ccc(N(CC(O)CO)C(=O)O)cc3F)cn2)n1,Cn1nnc(-c2ccc(-c3ccc(N4C(=O)OC(CO)C4O)cc3F)cn2)n1,Cn1nnc(-c2ccc(-c3ccc(N4CC(CO)OC4=O)cc3F)c[n+]2[O-])n1,Cn1nnc(-c2ccc(-c3cc(O)c(N4CC(CO)OC4=O)cc3F)cn2)n1,Cn1nnc(-c2ccc(-c3ccc(N4CC(CO)OC4=O)c(O)c3F)cn2)n1"
C[C@H]1C[C@H]2[C@@H]3CCC4=CC(=O)C=C[C@]4(C)[C@@]3(F)[C@@H](O)C[C@]2(C)[C@@]1(O)C(=O)COP(=O)(O)O,CC1CC2C3CCC4=CC(=O)C=CC4(C)C3(F)C(O)CC2(C)C1(O)C(=O)CO,"CC1CC2C3CCC4=CC(=O)C=CC4(C)C3(F)C(O)CC2(C)C1(O)C(=O)COP(=O)(O)O,CC1CC2C3CCC4=CC(=O)C=CC4(C)C3(F)C(O)CC2(C)C1(O)C(O)COP(=O)(O)O,CC1CC2C3CCC4=CC(=O)C=CC4(C)C3(F)C(O)CC2(C)C1(O)C(=O)CO,CC1CC2C3CCC4=CC(=O)C=CC4(C)C3(F)C(=O)CC2(C)C1(O)C(=O)COP(=O)(O)O,CC1CC2C3CCC4=CC(=O)C=CC4(C)C3(F)C(O)CC2(C)C1(OC1OC(C(=O)O)C(O)C(O)C1O)C(=O)COP(=O)(O)O,CC1CC2C3CCC4=CC(=O)C=CC4(C)C3(F)C(OC3OC(C(=O)O)C(O)C(O)C3O)CC2(C)C1(O)C(=O)COP(=O)(O)O,CC1CC2C3CCC4=CC(=O)CCC4(C)C3(F)C(O)CC2(C)C1(O)C(=O)COP(=O)(O)O,CC1CC2C3CCC4CC(=O)C=CC4(C)C3(F)C(O)CC2(C)C1(O)C(=O)COP(=O)(O)O,CC1CC2C3CCC4=CC(=O)C=CC4(C)C3(F)C(O)CC2(C)C1(O)C(O)CO,O=CCOP(=O)(O)O,CC1CC2C3CCC4=CC(=O)C=CC4(C)C3(F)C(O)CC2(C)C1=O,CC1CC2C3CC(O)C4=CC(=O)C=CC4(C)C3(F)C(O)CC2(C)C1(O)C(=O)COP(=O)(O)O"
CCCCc1nc(Cl)c(C=O)n1Cc1ccc(-c2ccccc2-c2nnn[nH]2)cc1,CCCCc1nc(Cl)c(C(=O)O)n1Cc1ccc(-c2ccccc2-c2nnn[nH]2)cc1,"CCCCc1nc(Cl)c(C=O)n1Cc1ccc(-c2ccccc2-c2nnn[nH]2)cc1,CCCCc1nc(Cl)c(C(=O)O)n1Cc1ccc(-c2ccccc2-c2nnn[nH]2)cc1,CCCCc1nc(Cl)c(CO)n1Cc1ccc(-c2ccccc2-c2nnn[nH]2)cc1,CCCCc1nc(Cl)c(C(=O)OC2OC(C(=O)O)C(O)C(O)C2O)n1Cc1ccc(-c2ccccc2-c2nnn[nH]2)cc1,CC(O)CCc1nc(Cl)c(C=O)n1Cc1ccc(-c2ccccc2-c2nnn[nH]2)cc1,CCCC(O)c1nc(Cl)c(C=O)n1Cc1ccc(-c2ccccc2-c2nnn[nH]2)cc1,O=Cc1c(Cl)nc(CCCCO)n1Cc1ccc(-c2ccccc2-c2nnn[nH]2)cc1,CCCCc1nc(Cl)c(C=O)n1Cc1ccc(-c2cc(O)ccc2-c2nnn[nH]2)cc1,CCCCc1nc(Cl)c(C=O)n1Cc1ccc(-c2ccc(O)cc2-c2nnn[nH]2)cc1,CCCCc1nc(Cl)c(C(=O)NCC(=O)O)n1Cc1ccc(-c2ccccc2-c2nnn[nH]2)cc1,OCc1ccc(-c2ccccc2-c2nnn[nH]2)cc1,CCCCc1nc(Cl)c(C=O)[nH]1"
Nc1ccc(S(=O)(=O)Nc2cc(CO)on2)cc1,CC(=O)Nc1ccc(S(=O)(=O)Nc2cc(CO)on2)cc1,"Nc1ccc(S(=O)(=O)Nc2cc(CO)on2)cc1,Nc1ccc(S(=O)(=O)Nc2cc(C(=O)O)on2)cc1,CC(=O)Nc1ccc(S(=O)(=O)Nc2cc(CO)on2)cc1,Nc1ccc(S(=O)(=O)Nc2cc(C(=O)OC3OC(C(=O)O)C(O)C(O)C3O)on2)cc1,CC(=O)Nc1ccc(S(=O)(=O)Nc2cc(C(=O)O)on2)cc1,Nc1ccc(S(=O)(=O)Nc2cc(COC3OC(C(=O)O)C(O)C(O)C3O)on2)cc1,Nc1ccc(S(=O)(=O)Nc2cc(C(=O)NCC(=O)O)on2)cc1,O=[N+]([O-])c1ccc(S(=O)(=O)Nc2cc(CO)on2)cc1,O=C(O)C1OC(Nc2ccc(S(=O)(=O)Nc3cc(CO)on3)cc2)C(O)C(O)C1O,Nc1ccc(S(=O)(=O)Nc2cc(CO)on2)cc1O,Nc1ccc(S(N)(=O)=O)cc1,O=c1cc(CO)o[nH]1"
O=P1(NCCCl)OCCC(O)N1CCCl,"O=CCCOP(=O)(NCCCl)NCCCl,NC(CCC(=O)NC(CSC1CCOP(=O)(NCCCl)N1CCCl)C(=O)NCC(=O)O)C(=O)O,O=C1CCOP(=O)(NCCCl)N1CCCl","O=P1(NCCCl)OCCC(O)N1CCCl,O=P(O)(NCCCl)OCCC(O)NCCCl,O=P1(O)OCCC(O)N1CCCl,O=P(O)(NCCCl)N(CCCl)C(O)CCO,NCCCl,O=P1(NCCCl)OCCC(O)N1CCO,O=P1(NCCO)OCCC(O)N1CCCl,OCCCl,O=P1(NCCCl)NC(O)CCO1,O=CCCOP(=O)(NCCCl)NCCCl,O=C(O)C1OC(OC2CCOP(=O)(NCCCl)N2CCCl)C(O)C(O)C1O,NP1(=O)OCCC(O)N1CCCl"
CCC1(c2ccc(O)cc2)C(=O)NC(=O)NC1=O,"CCC1(c2ccc(OS(=O)(=O)O)cc2)C(=O)NC(=O)NC1=O,CCC1(c2ccc(OC3OC(C(=O)O)C(O)C(O)C3O)cc2)C(=O)NC(=O)NC1=O","CCC1(c2ccc(O)cc2)C(=O)NC(=O)NC1=O,CCC1(c2ccc(OC3OC(C(=O)O)C(O)C(O)C3O)cc2)C(=O)NC(=O)NC1=O,CCC1(c2ccc(OS(=O)(=O)O)cc2)C(=O)NC(=O)NC1=O,CC(O)C1(c2ccc(O)cc2)C(=O)NC(=O)NC1=O,CCC(C(=O)O)(C(=O)NC(N)=O)c1ccc(O)cc1,O=C1NC(=O)C(CCO)(c2ccc(O)cc2)C(=O)N1,CCC1(c2ccc(OC)cc2)C(=O)NC(=O)NC1=O,CCC(C([NH])=O)(C(=O)NC(=O)O)c1ccc(O)cc1,CCC1(c2ccc(O)c(O)c2)C(=O)NC(=O)NC1=O,O=C(O)CC1(c2ccc(O)cc2)C(=O)NC(=O)NC1=O,CC(O)C1(c2ccc(OC3OC(C(=O)O)C(O)C(O)C3O)cc2)C(=O)NC(=O)NC1=O,CCC(C(=O)O)(C(=O)NC(N)=O)c1ccc(OC2OC(C(=O)O)C(O)C(O)C2O)cc1"
OCc1nnc2n1-c1ccc(Cl)cc1C(c1ccccc1)=NC2,OCc1nnc2n1-c1ccc(Cl)cc1C(c1ccccc1)=NC2O,"OCc1nnc2n1-c1ccc(Cl)cc1C(c1ccccc1)=NC2,O=C(O)c1nnc2n1-c1ccc(Cl)cc1C(c1ccccc1)=NC2,O=C(OC1OC(C(=O)O)C(O)C(O)C1O)c1nnc2n1-c1ccc(Cl)cc1C(c1ccccc1)=NC2,O=C(O)C1OC(OCc2nnc3n2-c2ccc(Cl)cc2C(c2ccccc2)=NC3)C(O)C(O)C1O,OCc1nnc2n1-c1ccc(Cl)cc1C(c1ccc(O)cc1)=NC2,OCc1nnc2n1-c1cc(O)c(Cl)cc1C(c1ccccc1)=NC2,OCc1nnc2n1-c1ccc(Cl)cc1C(c1ccccc1)=NC2O,O=C(O)CNC(=O)c1nnc2n1-c1ccc(Cl)cc1C(c1ccccc1)=NC2,OCc1nnc2n1-c1ccc(O)cc1C(c1ccccc1)=NC2,[O-][N+]1=C(c2ccccc2)c2cc(Cl)ccc2-n2c(CO)nnc2C1,OCc1nnc2n1-c1c(O)cc(Cl)cc1C(c1ccccc1)=NC2,NCc1nnc(CO)n1-c1ccc(Cl)cc1C(=O)c1ccccc1"
CS(=O)(=O)c1ccc(C2C(O)OC(=O)C2c2ccccc2)cc1,CS(=O)(=O)c1ccc(C(CO)C(C(=O)O)c2ccccc2)cc1,"CS(=O)(=O)c1ccc(C2C(O)OC(=O)C2c2ccccc2)cc1,CS(=O)(=O)c1ccc(C(CO)C(C(=O)O)c2ccccc2)cc1,CS(=O)(=O)c1ccc(C(C(O)O)C(C(=O)O)c2ccccc2)cc1,CS(=O)(=O)c1ccc(C2C(OC3OC(C(=O)O)C(O)C(O)C3O)OC(=O)C2c2ccccc2)cc1,CS(=O)(=O)c1ccc(C2C(O)OC(=O)C2c2ccc(O)cc2)cc1,CS(=O)(=O)c1ccc(C(CO)C(C(=O)OC2OC(C(=O)O)C(O)C(O)C2O)c2ccccc2)cc1,CS(=O)(=O)c1ccc(C(C(O)O)C(C(=O)OC2OC(C(=O)O)C(O)C(O)C2O)c2ccccc2)cc1,CS(=O)(=O)c1ccc(C(COC2OC(C(=O)O)C(O)C(O)C2O)C(C(=O)O)c2ccccc2)cc1,CS(=O)(=O)c1ccc(C(C(O)OC2OC(C(=O)O)C(O)C(O)C2O)C(C(=O)O)c2ccccc2)cc1,CS(=O)(=O)c1ccc(C2C(O)OC(=O)C2(O)c2ccccc2)cc1,COc1cc(C2C(=O)OC(O)C2c2ccc(S(C)(=O)=O)cc2)ccc1O,CS(=O)(=O)c1ccc(C2=COC(=O)C2c2ccccc2)cc1"
CS(=O)(=O)c1ccc([C@H](CO)[C@H](C(=O)O)c2ccccc2)cc1,CS(=O)(=O)c1ccc(C2COC(=O)C2c2ccccc2)cc1,"CS(=O)(=O)c1ccc(C(CO)C(C(=O)O)c2ccccc2)cc1,CS(=O)(=O)c1ccc(C(C(=O)O)C(C(=O)O)c2ccccc2)cc1,CS(=O)(=O)c1ccc(C(CO)C(C(=O)OC2OC(C(=O)O)C(O)C(O)C2O)c2ccccc2)cc1,CS(=O)(=O)c1ccc(C2COC(=O)C2c2ccccc2)cc1,CS(=O)(=O)c1ccc(C(COC2OC(C(=O)O)C(O)C(O)C2O)C(C(=O)O)c2ccccc2)cc1,CS(=O)(=O)c1ccc(C(CO)C(C(=O)O)c2ccc(O)cc2)cc1,CS(=O)(=O)c1ccc(C(CO)C(C(=O)NCC(=O)O)c2ccccc2)cc1,CS(=O)(=O)c1ccc(C(C(=O)O)C(C(=O)OC2OC(C(=O)O)C(O)C(O)C2O)c2ccccc2)cc1,CS(=O)(=O)c1ccc(C(C(=O)OC2OC(C(=O)O)C(O)C(O)C2O)C(C(=O)O)c2ccccc2)cc1,CS(=O)(=O)c1ccc(C(CO)C(O)(C(=O)O)c2ccccc2)cc1,CS(=O)(=O)c1ccc(C(CO)Cc2ccccc2)cc1,COc1cc(C(C(=O)O)C(CO)c2ccc(S(C)(=O)=O)cc2)ccc1O"
NC1(c2ccccc2Cl)CCCCC1=O,"NC1(c2ccccc2Cl)CC(O)CCC1=O,NC1(c2ccccc2Cl)CCC(O)CC1=O,NC1(c2ccccc2Cl)CCCC(O)C1=O","NC1(c2ccccc2Cl)CCCCC1=O,NC1(c2ccccc2Cl)CCCCC1O,CC(=O)NC1(c2ccccc2Cl)CCCCC1=O,NC1(c2ccccc2Cl)CCC(O)CC1=O,NC1(c2ccccc2Cl)CC(O)CCC1=O,NC1(c2ccc(O)cc2Cl)CCCCC1=O,CC(=O)NC1(c2ccccc2Cl)CCCCC1O,NC1(c2ccccc2Cl)CCCC(O)C1=O,NC1(c2ccccc2Cl)CCCCC1OC1OC(C(=O)O)C(O)C(O)C1O,NC1(c2ccccc2Cl)C(=O)CCCC1O,NC1(c2cccc(O)c2Cl)CCCCC1=O,NC1(c2cc(O)ccc2Cl)CCCCC1=O"
CNC1(c2ccccc2Cl)CCCC(O)C1=O,NC1(c2ccccc2Cl)CCCC(O)C1=O,"CNC1(c2ccccc2Cl)CCCC(O)C1=O,NC1(c2ccccc2Cl)CCCC(O)C1=O,CNC1(c2ccccc2Cl)CCCC(O)C1O,CNC1(c2ccccc2Cl)CC(O)CC(O)C1=O,CNC1(c2ccccc2Cl)CCCC(OC2OC(C(=O)O)C(O)C(O)C2O)C1=O,CNC1(c2ccccc2Cl)CCCC(=O)C1=O,CC(=O)NC1(c2ccccc2Cl)CCCC(O)C1=O,CNC1(c2ccc(O)cc2Cl)CCCC(O)C1=O,NC1(c2ccccc2Cl)CCCC(OC2OC(C(=O)O)C(O)C(O)C2O)C1=O,CNC1(c2ccccc2Cl)CCCC(OC2OC(C(=O)O)C(O)C(O)C2O)C1O,CNC1(c2ccccc2Cl)CCCC(O)C1OC1OC(C(=O)O)C(O)C(O)C1O,CNC1(c2ccccc2Cl)C(=O)C(O)CCC1O"
NC(=O)NS(=O)(=O)c1ccc(Cl)cc1,NS(=O)(=O)c1ccc(Cl)cc1,"NC(=O)NS(=O)(=O)c1ccc(Cl)cc1,NC(=O)O,[NH]S(=O)(=O)c1ccc(Cl)cc1,O=C(NC1OC(C(=O)O)C(O)C(O)C1O)NS(=O)(=O)c1ccc(Cl)cc1,O=C(O)NC1OC(C(=O)O)C(O)C(O)C1O"
C[C@@]12CCC3c4ccc(O)c(O)c4CCC3C1CCC2=O,CC12CCC3c4ccc(O)c(O)c4CCC3C1CCC2O,"CC12CCC3c4ccc(O)c(O)c4CCC3C1CCC2=O,CC12CCC3c4ccc(O)c(O)c4CCC3C1CCC2O,CC12CCC3c4ccc(OC5OC(C(=O)O)C(O)C(O)C5O)c(O)c4CCC3C1CCC2=O,CC12CCC3c4ccc(O)c(OC5OC(C(=O)O)C(O)C(O)C5O)c4CCC3C1CCC2=O,CC12CCC3c4ccc(OS(=O)(=O)O)c(O)c4CCC3C1CCC2=O,CC12CCC3c4ccc(O)c(OS(=O)(=O)O)c4CCC3C1CCC2=O,CC12CCC3c4ccc(OC5OC(C(=O)O)C(O)C(O)C5O)c(O)c4CCC3C1CCC2O,CC12CCC3c4ccc(O)c(OC5OC(C(=O)O)C(O)C(O)C5O)c4CCC3C1CCC2O,CC12CCC3c4ccc(O)c(O)c4C(O)CC3C1CCC2=O,CC12CCC3c4cc(O)c(O)c(O)c4CCC3C1CCC2=O,CC12CCC3c4c(O)cc(O)c(O)c4CCC3C1CCC2=O,COc1ccc2c(c1O)CCC1C2CCC2(C)C(=O)CCC12"
N#Cc1ccc(C(O)c2ccc(C#N)cc2)cc1,N#Cc1ccc(C(OC2OC(C(=O)O)C(O)C(O)C2O)c2ccc(C#N)cc2)cc1,"N#Cc1ccc(C(O)c2ccc(C#N)cc2)cc1,N#Cc1ccc(C(OC2OC(C(=O)O)C(O)C(O)C2O)c2ccc(C#N)cc2)cc1,N#Cc1ccc(C(OS(=O)(=O)O)c2ccc(C#N)cc2)cc1,N#Cc1ccc(C(O)c2ccc(C(N)=O)cc2)cc1,N#Cc1ccc(C(OC2OC(C(=O)O)C(O)C(O)C2O)c2ccc(C(N)=O)cc2)cc1,N#Cc1ccc(C(OS(=O)(=O)O)c2ccc(C(N)=O)cc2)cc1,N#Cc1ccc(C(O)c2ccc(C(=O)NC3OC(C(=O)O)C(O)C(O)C3O)cc2)cc1"
C[C@]12CC[C@@H]3c4ccc(OS(=O)(=O)O)cc4CC[C@H]3[C@@H]1CC[C@@H]2OS(=O)(=O)O,CC12CCC3c4ccc(O)cc4CCC3C1CCC2=O,"CC12CCC3c4ccc(OS(=O)(=O)O)cc4CCC3C1CCC2OS(=O)(=O)O,CC12CCC3c4ccc(OS(=O)(=O)O)cc4CCC3C1CCC2O,CC12CCC3c4ccc(O)cc4CCC3C1CCC2OS(=O)(=O)O,CC12CCC3c4ccc(OS(=O)(=O)O)cc4C(O)CC3C1CCC2OS(=O)(=O)O,CC12CCC3c4cc(O)c(OS(=O)(=O)O)cc4CCC3C1CCC2OS(=O)(=O)O,CC12CCC3c4ccc(OC5OC(C(=O)O)C(O)C(O)C5O)cc4CCC3C1CCC2OS(=O)(=O)O,CC12C(O)CC3c4ccc(OS(=O)(=O)O)cc4CCC3C1CCC2OS(=O)(=O)O,CC12CCC3c4ccc(OS(=O)(=O)O)cc4CCC3C1CC(O)C2OS(=O)(=O)O,CC12CCC3c4ccc(OS(=O)(=O)O)cc4CCC3C1CCC2OC1OC(C(=O)O)C(O)C(O)C1O,CC12CCC3c4cc(OC5OC(C(=O)O)C(O)C(O)C5O)c(OS(=O)(=O)O)cc4CCC3C1CCC2OS(=O)(=O)O,CC12CCC3c4ccc(OS(=O)(=O)O)c(O)c4CCC3C1CCC2OS(=O)(=O)O,COc1ccc2c(c1)CCC1C2CCC2(C)C(OS(=O)(=O)O)CCC12"
CN1C(C(O)=Nc2ncc(CO)s2)=C(O)c2ccccc2S1(=O)=O,CN1C(C(O)=Nc2ncc(C(=O)O)s2)=C(O)c2ccccc2S1(=O)=O,"CN1C(C(O)=Nc2ncc(CO)s2)=C(O)c2ccccc2S1(=O)=O,CN1C(C(O)=Nc2ncc(C(=O)O)s2)=C(O)c2ccccc2S1(=O)=O,O=S1(=O)NC(C(O)=Nc2ncc(CO)s2)=C(O)c2ccccc21,CN1C(C(O)=Nc2ncc(C(=O)OC3OC(C(=O)O)C(O)C(O)C3O)s2)=C(O)c2ccccc2S1(=O)=O,CN1C(C(O)=Nc2ncc(CO)s2)C(O)c2ccccc2S1(=O)=O,CN1C(C(O)=Nc2ncc(COC3OC(C(=O)O)C(O)C(O)C3O)s2)=C(O)c2ccccc2S1(=O)=O,CN1C(C(O)=Nc2ncc(CO)s2)=C(OC2OC(C(=O)O)C(O)C(O)C2O)c2ccccc2S1(=O)=O,CN1C(C(=Nc2ncc(CO)s2)OC2OC(C(=O)O)C(O)C(O)C2O)=C(O)c2ccccc2S1(=O)=O,CN1C(C(O)=Nc2ncc(CO)s2)=C(O)c2ccc(O)cc2S1(=O)=O,CN1C(C(O)=Nc2ncc(C(=O)O)s2)=C(OC2OC(C(=O)O)C(O)C(O)C2O)c2ccccc2S1(=O)=O,CN1C(C(=Nc2ncc(C(=O)O)s2)OC2OC(C(=O)O)C(O)C(O)C2O)=C(O)c2ccccc2S1(=O)=O,CN1C(C(O)=Nc2ncc(C(=O)NCC(=O)O)s2)=C(O)c2ccccc2S1(=O)=O"
C[C@]12CC[C@@H]3c4ccc(O)c(O)c4CC[C@H]3[C@@H]1CC[C@@H]2O,COc1c(O)ccc2c1CCC1C2CCC2(C)C(O)CCC12,"CC12CCC3c4ccc(O)c(O)c4CCC3C1CCC2O,CC12CCC3c4ccc(OC5OC(C(=O)O)C(O)C(O)C5O)c(O)c4CCC3C1CCC2O,CC12CCC3c4ccc(O)c(OC5OC(C(=O)O)C(O)C(O)C5O)c4CCC3C1CCC2O,CC12CCC3c4ccc(OS(=O)(=O)O)c(O)c4CCC3C1CCC2O,CC12CCC3c4ccc(O)c(OS(=O)(=O)O)c4CCC3C1CCC2O,CC12CCC3c4ccc(O)c(O)c4CCC3C1CCC2=O,CC12CCC3c4ccc(O)c(O)c4CCC3C1CCC2OC1OC(C(=O)O)C(O)C(O)C1O,CC12CCC3c4ccc(O)c(O)c4C(O)CC3C1CCC2O,CC12CCC3c4cc(O)c(O)c(O)c4CCC3C1CCC2O,CC12CCC3c4c(O)cc(O)c(O)c4CCC3C1CCC2O,COc1ccc2c(c1O)CCC1C2CCC2(C)C(O)CCC12,COc1c(O)ccc2c1CCC1C2CCC2(C)C(O)CCC12"
CS(=O)(=O)c1ccc(C2=C(c3ccccc3)C(=O)OC2O)cc1,CS(=O)(=O)c1ccc(C2=C(c3ccccc3)C(=O)OC2OC2OC(C(=O)O)C(O)C(O)C2O)cc1,"CS(=O)(=O)c1ccc(C2=C(c3ccccc3)C(=O)OC2O)cc1,CS(=O)(=O)c1ccc(C(CO)=C(C(=O)O)c2ccccc2)cc1,CS(=O)(=O)c1ccc(C(=C(C(=O)O)c2ccccc2)C(O)O)cc1,CS(=O)(=O)c1ccc(C2C(O)OC(=O)C2c2ccccc2)cc1,CS(=O)(=O)c1ccc(C2=C(c3ccccc3)C(=O)OC2OC2OC(C(=O)O)C(O)C(O)C2O)cc1,CS(=O)(=O)c1ccc(C2=C(c3ccc(O)cc3)C(=O)OC2O)cc1,CS(=O)(=O)c1ccc(C(CO)=C(C(=O)OC2OC(C(=O)O)C(O)C(O)C2O)c2ccccc2)cc1,CS(=O)(=O)c1ccc(C(=C(C(=O)OC2OC(C(=O)O)C(O)C(O)C2O)c2ccccc2)C(O)O)cc1,CS(=O)(=O)c1ccc(C(COC2OC(C(=O)O)C(O)C(O)C2O)=C(C(=O)O)c2ccccc2)cc1,CS(=O)(=O)c1ccc(C(=C(C(=O)O)c2ccccc2)C(O)OC2OC(C(=O)O)C(O)C(O)C2O)cc1,COc1cc(C2=C(c3ccc(S(C)(=O)=O)cc3)C(O)OC2=O)ccc1O,CS(=O)(=O)c1ccc(C2=C(c3ccccc3)C(=O)OC2OS(=O)(=O)O)cc1"
Oc1cnc2c(c1)CCc1cc(Cl)ccc1C2=C1CCNCC1,O=C(O)C1OC(Oc2cnc3c(c2)CCc2cc(Cl)ccc2C3=C2CCNCC2)C(O)C(O)C1O,"Oc1cnc2c(c1)CCc1cc(Cl)ccc1C2=C1CCNCC1,O=C(O)C1OC(Oc2cnc3c(c2)CCc2cc(Cl)ccc2C3=C2CCNCC2)C(O)C(O)C1O,O=S(=O)(O)Oc1cnc2c(c1)CCc1cc(Cl)ccc1C2=C1CCNCC1,Oc1cnc2c(c1)CC(O)c1cc(Cl)ccc1C2=C1CCNCC1,Oc1cnc2c(c1)C(O)Cc1cc(Cl)ccc1C2=C1CCNCC1,Oc1cc2c(nc1O)C(=C1CCNCC1)c1ccc(Cl)cc1CC2,Oc1cnc2c(c1)CCc1cc(Cl)c(O)cc1C2=C1CCNCC1,COc1cnc2c(c1)CCc1cc(Cl)ccc1C2=C1CCNCC1,O=C1CC(=C2c3ccc(Cl)cc3CCc3cc(O)cnc32)CCN1,Oc1cnc2c(c1)CCc1cc(Cl)ccc1C2=C1CCNC(O)C1,Oc1cnc2c(c1)CCc1cc(Cl)ccc1C2=C1CCNCC1O,Oc1cnc2c(c1)C=Cc1cc(Cl)ccc1C2=C1CCNCC1"
CC(Cc1ccc(O)cc1)NCC(O)c1ccc(O)c(NC=O)c1,"CC(Cc1ccc(OC2OC(C(=O)O)C(O)C(O)C2O)cc1)NCC(O)c1ccc(O)c(NC=O)c1,CC(Cc1ccc(O)cc1)NCC(O)c1ccc(OC2OC(C(=O)O)C(O)C(O)C2O)c(NC=O)c1","CC(Cc1ccc(O)cc1)NCC(O)c1ccc(O)c(NC=O)c1,CC(Cc1ccc(O)cc1)NCC(O)c1ccc(O)c(N)c1,CC(Cc1ccc(OC2OC(C(=O)O)C(O)C(O)C2O)cc1)NCC(O)c1ccc(O)c(NC=O)c1,CC(Cc1ccc(O)cc1)NCC(O)c1ccc(OC2OC(C(=O)O)C(O)C(O)C2O)c(NC=O)c1,CC(Cc1ccc(O)cc1)NCC(O)c1cc(NC=O)c(O)cc1O,CC(=O)Nc1cc(C(O)CNC(C)Cc2ccc(O)cc2)ccc1O,CC(Cc1ccc(O)cc1)NCC(O)c1ccc(OS(=O)(=O)O)c(NC=O)c1,CC(Cc1ccc(OS(=O)(=O)O)cc1)NCC(O)c1ccc(O)c(NC=O)c1,CC(Cc1ccc(O)cc1)NCC(=O)c1ccc(O)c(NC=O)c1,CC(Cc1ccc(OC2OC(C(=O)O)C(O)C(O)C2O)cc1)NCC(O)c1ccc(O)c(N)c1,CC(Cc1ccc(O)cc1)NCC(O)c1ccc(OC2OC(C(=O)O)C(O)C(O)C2O)c(N)c1,CC(Cc1ccc(O)cc1)NCC(OC1OC(C(=O)O)C(O)C(O)C1O)c1ccc(O)c(NC=O)c1"
N=C(N)NC(=O)Cc1c(Cl)ccc(O)c1Cl,"N=C(N)NC(=O)Cc1c(Cl)ccc(OC2OC(C(=O)O)C(O)C(O)C2O)c1Cl,N=C(N)NC(=O)Cc1c(Cl)ccc(OS(=O)(=O)[O-])c1Cl","N=C(N)NC(=O)Cc1c(Cl)ccc(O)c1Cl,N=C(N)NC(=O)Cc1c(Cl)ccc(OC2OC(C(=O)O)C(O)C(O)C2O)c1Cl,N=C(N)NC(=O)Cc1c(Cl)ccc(OS(=O)(=O)O)c1Cl,O=C(O)Cc1c(Cl)ccc(O)c1Cl,N=C(N)N,N=C(N)NC(=O)C(O)c1c(Cl)ccc(O)c1Cl,N=C(N)NC(=O)Cc1c(Cl)cc(O)c(O)c1Cl,COc1ccc(Cl)c(CC(=O)NC(=N)N)c1Cl,O=C(O)Cc1c(Cl)ccc(OC2OC(C(=O)O)C(O)C(O)C2O)c1Cl,N=C(N)NC(=O)C(O)c1c(Cl)ccc(OC2OC(C(=O)O)C(O)C(O)C2O)c1Cl,N=C(N)NC(=O)Cc1c(Cl)c(O)cc(O)c1Cl,N=C(N)NC(=O)Cc1c(Cl)cc(OC2OC(C(=O)O)C(O)C(O)C2O)c(O)c1Cl"
N#Cc1ccc(C(=O)c2ccc(C#N)cc2)cc1,N#Cc1ccc(C(O)c2ccc(C#N)cc2)cc1,"N#Cc1ccc(C(=O)c2ccc(C#N)cc2)cc1,N#Cc1ccc(C(O)c2ccc(C#N)cc2)cc1,N#Cc1ccc(C(=O)c2ccc(C(N)=O)cc2)cc1,N#Cc1ccc(C(OC2OC(C(=O)O)C(O)C(O)C2O)c2ccc(C#N)cc2)cc1,N#Cc1ccc(C(OS(=O)(=O)O)c2ccc(C#N)cc2)cc1,N#Cc1ccc(C(=O)c2ccc(C(=O)NC3OC(C(=O)O)C(O)C(O)C3O)cc2)cc1"
O=C1Cc2cc(CCN3CCN(C4=NS(=O)c5ccccc54)CC3)c(Cl)cc2N1,O=C1Cc2cc(CCN3CCN(C4=NS(=O)(=O)c5ccccc54)CC3)c(Cl)cc2N1,"O=C1Cc2cc(CCN3CCN(C4=NS(=O)c5ccccc54)CC3)c(Cl)cc2N1,O=S1N=C(N2CCNCC2)c2ccccc21,O=C1Cc2cc(CCO)c(Cl)cc2N1,Nc1cc(Cl)c(CCN2CCN(C3=NS(=O)c4ccccc43)CC2)cc1CC(=O)O,O=C1Cc2cc(C(O)CN3CCN(C4=NS(=O)c5ccccc54)CC3)c(Cl)cc2N1,O=C1Nc2cc(Cl)c(CCN3CCN(C4=NS(=O)c5ccccc54)CC3)cc2C1O,O=C1Cc2cc(CCN3CCN(C4=NS(=O)c5cc(O)ccc54)CC3)c(Cl)cc2N1,O=C1Cc2cc(CC[N+]3([O-])CCN(C4=NS(=O)c5ccccc54)CC3)c(Cl)cc2N1,O=C1Cc2cc(CCN3CCN(C4=NS(=O)c5ccccc54)C(=O)C3)c(Cl)cc2N1,O=C1Cc2cc(CCN3CCN(C4=NS(=O)c5ccccc54)CC3=O)c(Cl)cc2N1,O=C1Cc2cc(CCN3CCN(C4=NS(=O)c5ccccc54)CC3O)c(Cl)cc2N1,O=C1Cc2cc(CCN3CCN(C4=NS(=O)c5ccccc54)C(O)C3)c(Cl)cc2N1"
c1ccc2c(N3CCNCC3)nsc2c1,O=S1N=C(N2CCNCC2)c2ccccc21,"c1ccc2c(N3CCNCC3)nsc2c1,Oc1ccc2c(N3CCNCC3)nsc2c1,O=C1CN(c2nsc3ccccc23)CCN1,O=C1CNCCN1c1nsc2ccccc12,OC1CN(c2nsc3ccccc23)CCN1,OC1CNCCN1c1nsc2ccccc12,NCCNc1nsc2ccccc12,CC(=O)N1CCN(c2nsc3ccccc23)CC1,C1CNCCN1,O=c1[nH]sc2ccccc12,O=S1N=C(N2CCNCC2)c2ccccc21,O=C(O)C1OC(N2CCN(c3nsc4ccccc34)CC2)C(O)C(O)C1O"
O=S1N=C(N2CCNCC2)c2ccccc21,O=S1(=O)N=C(N2CCNCC2)c2ccccc21,"O=S1N=C(N2CCNCC2)c2ccccc21,O=S1N=C(N2CCNCC2)c2ccc(O)cc21,O=C1CN(C2=NS(=O)c3ccccc32)CCN1,O=C1CNCCN1C1=NS(=O)c2ccccc21,O=S1N=C(N2CCNCC2O)c2ccccc21,O=S1N=C(N2CCNC(O)C2)c2ccccc21,NCCNC1=NS(=O)c2ccccc21,CC(=O)N1CCN(C2=NS(=O)c3ccccc32)CC1,O=C(O)C1OC(N2CCN(C3=NS(=O)c4ccccc43)CC2)C(O)C(O)C1O,O=S1N=C(N2CCNCC2)c2cc(O)ccc21,O=S1N=C(N2CCNCC2)c2cccc(O)c21,O=C(O)C1OC(Oc2ccc3c(c2)S(=O)N=C3N2CCNCC2)C(O)C(O)C1O"
O=S1(=O)N=C(N2CCNCC2)c2ccccc21,O=C1CN(C2=NS(=O)(=O)c3ccccc32)CCN1,"O=S1(=O)N=C(N2CCNCC2)c2ccccc21,O=S1(=O)N=C(N2CCNCC2)c2ccc(O)cc21,O=C1CNCCN1C1=NS(=O)(=O)c2ccccc21,O=C1CN(C2=NS(=O)(=O)c3ccccc32)CCN1,O=S1(=O)N=C(N2CCNC(O)C2)c2ccccc21,O=S1(=O)N=C(N2CCNCC2O)c2ccccc21,NCCNC1=NS(=O)(=O)c2ccccc21,CC(=O)N1CCN(C2=NS(=O)(=O)c3ccccc32)CC1,O=C(O)C1OC(N2CCN(C3=NS(=O)(=O)c4ccccc43)CC2)C(O)C(O)C1O,O=S1(=O)N=C(N2CCNCC2)c2cc(O)ccc21,O=S1(=O)N=C(N2CCNCC2)c2cccc(O)c21,O=C(O)C1OC(Oc2ccc3c(c2)S(=O)(=O)N=C3N2CCNCC2)C(O)C(O)C1O"
CC1(CO)S[C@@H]2[C@H](NC(=O)[C@H](N)c3ccc(O)cc3)C(=O)N2[C@H]1C(=O)O,CC1(C=O)SC2C(NC(=O)C(N)c3ccc(O)cc3)C(=O)N2C1C(=O)O,"CC1(CO)SC2C(NC(=O)C(N)c3ccc(O)cc3)C(=O)N2C1C(=O)O,CC1(CO)SC2C(NC(=O)C(N)c3ccc(OC4OC(C(=O)O)C(O)C(O)C4O)cc3)C(=O)N2C1C(=O)O,CC1(CO)C(C(=O)O)N2C(=O)C(NC(=O)C(N)c3ccc(O)cc3)C2S1=O,CC1(C(=O)O)SC2C(NC(=O)C(N)c3ccc(O)cc3)C(=O)N2C1C(=O)O,CC1(CO)SC2C(NC(=O)C(N)c3ccc(O)cc3)C(=O)N2C1C(=O)OC1OC(C(=O)O)C(O)C(O)C1O,CC(=O)NC(C(=O)NC1C(=O)N2C1SC(C)(CO)C2C(=O)O)c1ccc(O)cc1,CC12COC(=O)C1N1C(=O)C(NC(=O)C(N)c3ccc(O)cc3)C1S2,CC1(CO)SC2C(NC(=O)C(N)c3ccc(OS(=O)(=O)O)cc3)C(=O)N2C1C(=O)O,CC1(COC2OC(C(=O)O)C(O)C(O)C2O)SC2C(NC(=O)C(N)c3ccc(O)cc3)C(=O)N2C1C(=O)O,CC1(CO)SC(C(NC(=O)C(N)c2ccc(O)cc2)C(=O)O)NC1C(=O)O,NC(C(=O)O)c1ccc(O)cc1,CC1(CO)SC2C(N)C(=O)N2C1C(=O)O"
CC1(C=O)S[C@@H]2[C@H](NC(=O)[C@H](N)c3ccc(O)cc3)C(=O)N2[C@H]1C(=O)O,CC1(C(=O)O)SC2C(NC(=O)C(N)c3ccc(O)cc3)C(=O)N2C1C(=O)O,"CC1(C=O)SC2C(NC(=O)C(N)c3ccc(O)cc3)C(=O)N2C1C(=O)O,CC1(C(=O)O)SC2C(NC(=O)C(N)c3ccc(O)cc3)C(=O)N2C1C(=O)O,CC1(C=O)SC2C(NC(=O)C(N)c3ccc(OC4OC(C(=O)O)C(O)C(O)C4O)cc3)C(=O)N2C1C(=O)O,CC1(C=O)C(C(=O)O)N2C(=O)C(NC(=O)C(N)c3ccc(O)cc3)C2S1=O,CC1(C=O)SC2C(NC(=O)C(N)c3ccc(O)cc3)C(=O)N2C1C(=O)OC1OC(C(=O)O)C(O)C(O)C1O,CC(=O)NC(C(=O)NC1C(=O)N2C1SC(C)(C=O)C2C(=O)O)c1ccc(O)cc1,CC1(C(=O)O)SC2C(NC(=O)C(N)c3ccc(OC4OC(C(=O)O)C(O)C(O)C4O)cc3)C(=O)N2C1C(=O)O,CC1(C=O)SC2C(NC(=O)C(N)c3ccc(OS(=O)(=O)O)cc3)C(=O)N2C1C(=O)O,CC1(C=O)SC(C(NC(=O)C(N)c2ccc(O)cc2)C(=O)O)NC1C(=O)O,NC(C(=O)O)c1ccc(O)cc1,CC1(C=O)SC2C(N)C(=O)N2C1C(=O)O,CC1(CO)SC2C(NC(=O)C(N)c3ccc(O)cc3)C(=O)N2C1C(=O)O"
C#C[C@]1(O)CC[C@H]2[C@@H]3CCC4=C/C(=N/O)CC[C@@H]4[C@H]3CC[C@@]21CC,C#CC1(O)CCC2C3CCC4=CC(=O)CCC4C3CCC21CC,"C#CC1(O)CCC2C3CCC4=CC(=NO)CCC4C3CCC21CC,C#CC1(O)CCC2C3CCC4=CC(=NOC5OC(C(=O)O)C(O)C(O)C5O)CCC4C3CCC21CC,C#CC1(O)CCC2C3CCC4=CC(=NO)CCC4C3CCC21C(C)O,C#CC1(OC2OC(C(=O)O)C(O)C(O)C2O)CCC2C3CCC4=CC(=NO)CCC4C3CCC21CC,C#CC1(O)CCC2C3CCC4=CC(=NO)CCC4C3CCC21CCO,CCC12CCC3C4CCC(=NO)C=C4CCC3C1CCC2=O,C#CC1(O)CCC2C3CCC4=CC(=NO)C(O)CC4C3CCC21CC,C#CC1(O)CCC2C3CC(O)C4=CC(=NO)CCC4C3CCC21CC,C#CC1(O)CCC2C3CCC4=CC(=NO)CCC4C3CCC21CC(=O)O,C#CC1(O)C(O)CC2C3CCC4=CC(=NO)CCC4C3CCC21CC,C#CC1(O)CCC2C3CCC4=CC(=O)CCC4C3CCC21CC,C#CC1(O)CCC2C3CCC4=CC(=NOC5OC(C(=O)O)C(O)C(O)C5O)CCC4C3CCC21C(C)O"
C#C[C@]1(O)CC[C@H]2[C@@H]3CC(O)c4cc(O)ccc4[C@H]3CC[C@@]21C,C#CC1(O)CCC2C3CC(OC)c4cc(O)ccc4C3CCC21C,"C#CC1(O)CCC2C3CC(O)c4cc(O)ccc4C3CCC21C,C#CC1(O)CCC2C3CC(O)c4cc(OC5OC(C(=O)O)C(O)C(O)C5O)ccc4C3CCC21C,C#CC1(O)CCC2C3CC(O)c4cc(OS(=O)(=O)O)ccc4C3CCC21C,C#CC1(O)CCC2C3CC(=O)c4cc(O)ccc4C3CCC21C,C#CC1(OC2OC(C(=O)O)C(O)C(O)C2O)CCC2C3CC(O)c4cc(O)ccc4C3CCC21C,C#CC1(O)CCC2C3CC(OC4OC(C(=O)O)C(O)C(O)C4O)c4cc(O)ccc4C3CCC21C,C#CC1(O)CCC2C3CC(O)c4cc(O)c(O)cc4C3CCC21C,C#CC1(O)CCC2C3CC(O)c4cc(OC)ccc4C3CCC21C,C#CC1(O)CCC2C3CC(=O)c4cc(OC5OC(C(=O)O)C(O)C(O)C5O)ccc4C3CCC21C,C#CC1(O)C(O)CC2C3CC(O)c4cc(O)ccc4C3CCC21C,C#CC1(O)CCC2C3CC(O)c4cc(O)ccc4C3CC(O)C21C,C#CC1(OS(=O)(=O)O)CCC2C3CC(O)c4cc(O)ccc4C3CCC21C"
C#C[C@]1(O)CC[C@H]2[C@@H]3C(O)Cc4cc(O)ccc4[C@H]3CC[C@@]21C,C#CC1(O)CCC2C3C(OC)Cc4cc(O)ccc4C3CCC21C,"C#CC1(O)CCC2C3C(O)Cc4cc(O)ccc4C3CCC21C,C#CC1(O)CCC2C3C(O)Cc4cc(OC5OC(C(=O)O)C(O)C(O)C5O)ccc4C3CCC21C,C#CC1(O)CCC2C3C(O)Cc4cc(OS(=O)(=O)O)ccc4C3CCC21C,C#CC1(O)CCC2C3C(OC4OC(C(=O)O)C(O)C(O)C4O)Cc4cc(O)ccc4C3CCC21C,C#CC1(O)CCC2C3C(=O)Cc4cc(O)ccc4C3CCC21C,C#CC1(OC2OC(C(=O)O)C(O)C(O)C2O)CCC2C3C(O)Cc4cc(O)ccc4C3CCC21C,C#CC1(O)CCC2C3C(CCC21C)c1ccc(O)cc1C(O)C3O,C#CC1(O)CCC2C3C(O)Cc4cc(O)c(O)cc4C3CCC21C,C#CC1(O)CCC2C3C(O)Cc4cc(OC)ccc4C3CCC21C,C#CC1(O)C(O)CC2C3C(O)Cc4cc(O)ccc4C3CCC21C,C#CC1(O)CCC2C3C(O)Cc4cc(O)ccc4C3CC(O)C21C,C#CC1(O)CCC2C3C(=O)Cc4cc(OC5OC(C(=O)O)C(O)C(O)C5O)ccc4C3CCC21C"
C#C[C@]1(O)[C@H](O)C[C@H]2[C@@H]3CCc4cc(O)ccc4[C@H]3CC[C@@]21C,C#CC1(O)C(OC)CC2C3CCc4cc(O)ccc4C3CCC21C,"C#CC1(O)C(O)CC2C3CCc4cc(O)ccc4C3CCC21C,C#CC1(O)C(O)CC2C3CCc4cc(OC5OC(C(=O)O)C(O)C(O)C5O)ccc4C3CCC21C,C#CC1(O)C(O)CC2C3CCc4cc(OS(=O)(=O)O)ccc4C3CCC21C,C#CC1(OC2OC(C(=O)O)C(O)C(O)C2O)C(O)CC2C3CCc4cc(O)ccc4C3CCC21C,C#CC1(O)C(OC2OC(C(=O)O)C(O)C(O)C2O)CC2C3CCc4cc(O)ccc4C3CCC21C,C#CC1(O)C(O)CC2C3CC(O)c4cc(O)ccc4C3CCC21C,C#CC1(O)C(O)CC2C3CCc4cc(O)c(O)cc4C3CCC21C,C#CC1(O)C(O)CC2C3CCc4cc(OC)ccc4C3CCC21C,C#CC1(O)C(O)CC2C3CCc4cc(O)ccc4C3CC(O)C21C,C#CC1(O)C(O)CC2C3CC(O)c4cc(OC5OC(C(=O)O)C(O)C(O)C5O)ccc4C3CCC21C,C#CC1(O)C(O)CC2C3CCc4cc(OC5OC(C(=O)O)C(O)C(O)C5O)c(O)cc4C3CCC21C,C#CC1(O)C(O)CC2C3CCc4cc(O)c(OC5OC(C(=O)O)C(O)C(O)C5O)cc4C3CCC21C"
C[C@H](N[P@@](=O)([O-])OC[C@H]1O[C@@](C#N)(c2ccc3c(N)ncnn23)[C@H](O)[C@@H]1O)C(=O)[O-],N#CC1(c2ccc3c(N)ncnn23)OC(COP(=O)([O-])[O-])C(O)C1O,"CC(NP(=O)([O-])OCC1OC(C#N)(c2ccc3c(N)ncnn23)C(O)C1O)C(=O)[O-],CC(=O)Nc1ncnn2c(C3(C#N)OC(COP(=O)([O-])NC(C)C(=O)[O-])C(O)C3O)ccc12,CC(N)C(=O)[O-],CC(NP(=O)([O-])O)C(=O)[O-],N#CC1(c2ccc3c(N)ncnn23)OC(CO)C(O)C1O,N#CC1(c2ccc3c(N)ncnn23)OC(COP(=O)([O-])O)C(O)C1O,CC(NP(=O)([O-])OCC1OC(C#N)(c2ccc3c(N)ncnn23)C(O)C1OC1OC(C(=O)O)C(O)C(O)C1O)C(=O)[O-],CC(NP(=O)([O-])OCC1OC(C#N)(c2ccc3c(N)ncnn23)C(OC2OC(C(=O)O)C(O)C(O)C2O)C1O)C(=O)[O-],CC(NP(=O)([O-])OCC(O)C(O)C(O)C(O)(C#N)c1ccc2c(N)ncnn12)C(=O)[O-],CC(NP(=O)([O-])OCC1OC(C#N)(c2ccc3c(N)nc(O)nn23)C(O)C1O)C(=O)[O-],CC(=O)Nc1ncnn2c(C3(C#N)OC(COP(=O)([O-])O)C(O)C3O)ccc12,CC(=O)Nc1ncnn2c(C3(C#N)OC(CO)C(O)C3O)ccc12"
N#C[C@@]1(c2ccc3c(N)ncnn23)O[C@H](COP(=O)([O-])[O-])[C@@H](O)[C@H]1O,"N#CC1(c2ccc3c(N)ncnn23)OC(CO)C(O)C1O,N#CC1(c2ccc3c(N)ncnn23)OC(COP(=O)([O-])O[PH](=O)(=O)O[PH](=O)(=O)[O-])C(O)C1O","N#CC1(c2ccc3c(N)ncnn23)OC(COP(=O)([O-])[O-])C(O)C1O,CC(=O)Nc1ncnn2c(C3(C#N)OC(COP(=O)([O-])[O-])C(O)C3O)ccc12,O=P([O-])([O-])O,N#CC1(c2ccc3c(N)ncnn23)OC(CO)C(O)C1O,N#CC1(c2ccc3c(N)ncnn23)OC(COP(=O)([O-])[O-])C(OC2OC(C(=O)O)C(O)C(O)C2O)C1O,N#CC1(c2ccc3c(N)ncnn23)OC(COP(=O)([O-])[O-])C(O)C1OC1OC(C(=O)O)C(O)C(O)C1O,N#CC(O)(c1ccc2c(N)ncnn12)C(O)C(O)C(O)COP(=O)([O-])[O-],N#CC1(c2ccc3c(N)nc(O)nn23)OC(COP(=O)([O-])[O-])C(O)C1O,N#CC1(c2ccc3c(NC4OC(C(=O)O)C(O)C(O)C4O)ncnn23)OC(COP(=O)([O-])[O-])C(O)C1O,N#CC1(c2ccc3c(N)[n+]([O-])cnn23)OC(COP(=O)([O-])[O-])C(O)C1O,N#CC1(c2ccc3c(=O)[nH]cnn23)OC(COP(=O)([O-])[O-])C(O)C1O,CC(=O)Nc1ncnn2c(C(O)(C#N)C(O)C(O)C(O)COP(=O)([O-])[O-])ccc12"
CCOC(=O)c1c(CO)n(C)c2cc(Br)c(O)c(CN(C)C)c12,"CCOC(=O)c1c(COC2OC(C(=O)O)C(O)C(O)C2O)n(C)c2cc(Br)c(O)c(CN(C)C)c12,CCOC(=O)c1c(CO)n(C)c2cc(Br)c(OC3OC(C(=O)O)C(O)C(O)C3O)c(CN(C)C)c12","CCOC(=O)c1c(CO)n(C)c2cc(Br)c(O)c(CN(C)C)c12,CCOC(=O)c1c(CO)n(C)c2cc(Br)c(O)c(CNC)c12,CCOC(=O)c1c(C(=O)O)n(C)c2cc(Br)c(O)c(CN(C)C)c12,CN(C)Cc1c(O)c(Br)cc2c1c(C(=O)O)c(CO)n2C,CCOC(=O)c1c(CO)[nH]c2cc(Br)c(O)c(CN(C)C)c12,CCOC(=O)c1c(CO)n(C)c2cc(Br)c(OC3OC(C(=O)O)C(O)C(O)C3O)c(CN(C)C)c12,CCOC(=O)c1c(CO)n(C)c2cc(Br)c(O)c(C[N+](C)(C)[O-])c12,CCOC(=O)c1c(C(=O)OC2OC(C(=O)O)C(O)C(O)C2O)n(C)c2cc(Br)c(O)c(CN(C)C)c12,CCOC(=O)c1c(CO)n(C)c2cc(Br)c(OC3OC(C(=O)O)C(O)C(O)C3O)c(CNC)c12,CCOC(=O)c1c(C(=O)O)n(C)c2cc(Br)c(OC3OC(C(=O)O)C(O)C(O)C3O)c(CN(C)C)c12,CCOC(=O)c1c(CO)n(C)c2cc(Br)c(OS(=O)(=O)O)c(CN(C)C)c12,CCOC(=O)c1c(CO)n(C)c2cc(Br)c(O)c(CO)c12"
CCOC(=O)c1c(CSc2ccccc2)n(C)c2cc(Br)c(O)c(CNC)c12,"CCOC(=O)c1c(CSc2ccccc2)n(C)c2cc(Br)c(OC3OC(C(=O)O)C(O)C(O)C3O)c(CNC)c12,CCOC(=O)c1c(CSc2ccccc2)n(C)c2cc(Br)c(OS(=O)(=O)[O-])c(CNC)c12","CCOC(=O)c1c(CSc2ccccc2)n(C)c2cc(Br)c(O)c(CNC)c12,CCOC(=O)c1c(CSc2ccccc2)n(C)c2cc(Br)c(O)c(CN)c12,CNCc1c(O)c(Br)cc2c1c(C(=O)O)c(CSc1ccccc1)n2C,CCOC(=O)c1c(CSc2ccccc2)[nH]c2cc(Br)c(O)c(CNC)c12,CCOC(=O)c1c(CSc2ccccc2)n(C)c2cc(Br)c(OC3OC(C(=O)O)C(O)C(O)C3O)c(CNC)c12,CCOC(=O)c1c(CS(=O)c2ccccc2)n(C)c2cc(Br)c(O)c(CNC)c12,CCOC(=O)c1c(CSc2ccccc2)n(C)c2cc(Br)c(OC3OC(C(=O)O)C(O)C(O)C3O)c(CN)c12,CCOC(=O)c1c(CSc2ccccc2)n(C)c2cc(Br)c(OS(=O)(=O)O)c(CNC)c12,CNCc1c(O)c(Br)cc2c1c(C(=O)OC1OC(C(=O)O)C(O)C(O)C1O)c(CSc1ccccc1)n2C,CCOC(=O)c1c(CSc2ccccc2)n(C)c2cc(Br)c(O)c(CNC(C)=O)c12,CCOC(=O)c1c(CSc2ccccc2)n(C)c2cc(Br)c(O)c(CO)c12,CNCc1c(OC2OC(C(=O)O)C(O)C(O)C2O)c(Br)cc2c1c(C(=O)O)c(CSc1ccccc1)n2C"
CCOC(=O)c1c(CS(=O)c2ccccc2)n(C)c2cc(Br)c(O)c(CNC)c12,"CCOC(=O)c1c(CS(=O)c2ccccc2)n(C)c2cc(Br)c(OS(=O)(=O)[O-])c(CNC)c12,CCOC(=O)c1c(CS(=O)c2ccccc2)n(C)c2cc(Br)c(OC3OC(C(=O)O)C(O)C(O)C3O)c(CNC)c12","CCOC(=O)c1c(CS(=O)c2ccccc2)n(C)c2cc(Br)c(O)c(CNC)c12,CCOC(=O)c1c(CS(=O)(=O)c2ccccc2)n(C)c2cc(Br)c(O)c(CNC)c12,CCOC(=O)c1c(CS(=O)c2ccccc2)n(C)c2cc(Br)c(O)c(CN)c12,CNCc1c(O)c(Br)cc2c1c(C(=O)O)c(CS(=O)c1ccccc1)n2C,CCOC(=O)c1c(CS(=O)c2ccccc2)[nH]c2cc(Br)c(O)c(CNC)c12,CCOC(=O)c1c(CS(=O)c2ccccc2)n(C)c2cc(Br)c(OC3OC(C(=O)O)C(O)C(O)C3O)c(CNC)c12,CCOC(=O)c1c(CSc2ccccc2)n(C)c2cc(Br)c(O)c(CNC)c12,CCOC(=O)c1c(CS(=O)(=O)c2ccccc2)n(C)c2cc(Br)c(OC3OC(C(=O)O)C(O)C(O)C3O)c(CNC)c12,CCOC(=O)c1c(CS(=O)c2ccccc2)n(C)c2cc(Br)c(OC3OC(C(=O)O)C(O)C(O)C3O)c(CN)c12,CCOC(=O)c1c(CS(=O)c2ccccc2)n(C)c2cc(Br)c(OS(=O)(=O)O)c(CNC)c12,CCOC(=O)c1c(CS(=O)(=O)c2ccccc2)n(C)c2cc(Br)c(OS(=O)(=O)O)c(CNC)c12,CNCc1c(O)c(Br)cc2c1c(C(=O)OC1OC(C(=O)O)C(O)C(O)C1O)c(CS(=O)c1ccccc1)n2C"
CCOC(=O)c1c(CS(=O)c2ccccc2)n(C)c2cc(Br)c(O)c(CN(C)C)c12,"CCOC(=O)c1c(CS(=O)c2ccccc2)n(C)c2cc(Br)c(OC3OC(C(=O)O)C(O)C(O)C3O)c(CN(C)C)c12,CCOC(=O)c1c(CS(=O)c2ccccc2)n(C)c2cc(Br)c(OS(=O)(=O)[O-])c(CN(C)C)c12","CCOC(=O)c1c(CS(=O)c2ccccc2)n(C)c2cc(Br)c(O)c(CN(C)C)c12,CCOC(=O)c1c(CS(=O)(=O)c2ccccc2)n(C)c2cc(Br)c(O)c(CN(C)C)c12,CCOC(=O)c1c(CS(=O)c2ccccc2)n(C)c2cc(Br)c(O)c(CNC)c12,CN(C)Cc1c(O)c(Br)cc2c1c(C(=O)O)c(CS(=O)c1ccccc1)n2C,CCOC(=O)c1c(CS(=O)c2ccccc2)[nH]c2cc(Br)c(O)c(CN(C)C)c12,CCOC(=O)c1c(CS(=O)c2ccccc2)n(C)c2cc(Br)c(OC3OC(C(=O)O)C(O)C(O)C3O)c(CN(C)C)c12,CCOC(=O)c1c(CS(=O)c2ccccc2)n(C)c2cc(Br)c(O)c(C[N+](C)(C)[O-])c12,CCOC(=O)c1c(CSc2ccccc2)n(C)c2cc(Br)c(O)c(CN(C)C)c12,CCOC(=O)c1c(CS(=O)(=O)c2ccccc2)n(C)c2cc(Br)c(OC3OC(C(=O)O)C(O)C(O)C3O)c(CN(C)C)c12,CCOC(=O)c1c(CS(=O)c2ccccc2)n(C)c2cc(Br)c(OC3OC(C(=O)O)C(O)C(O)C3O)c(CNC)c12,CCOC(=O)c1c(CS(=O)c2ccccc2)n(C)c2cc(Br)c(O)c(CO)c12,CCOC(=O)c1c(CS(=O)c2ccccc2)n(C)c2cc(Br)c(OS(=O)(=O)O)c(CN(C)C)c12"
CCOC(=O)c1c(CS(=O)(=O)c2ccccc2)n(C)c2cc(Br)c(O)c(CNC)c12,"CCOC(=O)c1c(CS(=O)(=O)c2ccccc2)n(C)c2cc(Br)c(OC3OC(C(=O)O)C(O)C(O)C3O)c(CNC)c12,CCOC(=O)c1c(CS(=O)(=O)c2ccccc2)n(C)c2cc(Br)c(OS(=O)(=O)[O-])c(CNC)c12","CCOC(=O)c1c(CS(=O)(=O)c2ccccc2)n(C)c2cc(Br)c(O)c(CNC)c12,CCOC(=O)c1c(CS(=O)(=O)c2ccccc2)n(C)c2cc(Br)c(O)c(CN)c12,CNCc1c(O)c(Br)cc2c1c(C(=O)O)c(CS(=O)(=O)c1ccccc1)n2C,CCOC(=O)c1c(CS(=O)(=O)c2ccccc2)[nH]c2cc(Br)c(O)c(CNC)c12,CCOC(=O)c1c(CS(=O)(=O)c2ccccc2)n(C)c2cc(Br)c(OC3OC(C(=O)O)C(O)C(O)C3O)c(CNC)c12,CCOC(=O)c1c(CS(=O)(=O)c2ccccc2)n(C)c2cc(Br)c(OC3OC(C(=O)O)C(O)C(O)C3O)c(CN)c12,CCOC(=O)c1c(CS(=O)(=O)c2ccccc2)n(C)c2cc(Br)c(OS(=O)(=O)O)c(CNC)c12,CNCc1c(O)c(Br)cc2c1c(C(=O)OC1OC(C(=O)O)C(O)C(O)C1O)c(CS(=O)(=O)c1ccccc1)n2C,CCOC(=O)c1c(CS(=O)(=O)c2ccccc2)n(C)c2cc(Br)c(O)c(CNC(C)=O)c12,CCOC(=O)c1c(CS(=O)(=O)c2ccccc2)n(C)c2cc(Br)c(O)c(CO)c12,CNCc1c(OC2OC(C(=O)O)C(O)C(O)C2O)c(Br)cc2c1c(C(=O)O)c(CS(=O)(=O)c1ccccc1)n2C,CCOC(=O)c1c(CS(=O)(=O)c2ccccc2)n(C)c2cc(Br)c(OS(=O)(=O)O)c(CN)c12"
CCOC(=O)c1c(CS(=O)(=O)c2ccccc2)n(C)c2cc(Br)c(O)c(CN(C)C)c12,"CCOC(=O)c1c(CS(=O)(=O)c2ccccc2)n(C)c2cc(Br)c(OC3OC(C(=O)O)C(O)C(O)C3O)c(CN(C)C)c12,CCOC(=O)c1c(CS(=O)(=O)c2ccccc2)n(C)c2cc(Br)c(OS(=O)(=O)[O-])c(CN(C)C)c12","CCOC(=O)c1c(CS(=O)(=O)c2ccccc2)n(C)c2cc(Br)c(O)c(CN(C)C)c12,CCOC(=O)c1c(CS(=O)(=O)c2ccccc2)n(C)c2cc(Br)c(O)c(CNC)c12,CN(C)Cc1c(O)c(Br)cc2c1c(C(=O)O)c(CS(=O)(=O)c1ccccc1)n2C,CCOC(=O)c1c(CS(=O)(=O)c2ccccc2)[nH]c2cc(Br)c(O)c(CN(C)C)c12,CCOC(=O)c1c(CS(=O)(=O)c2ccccc2)n(C)c2cc(Br)c(OC3OC(C(=O)O)C(O)C(O)C3O)c(CN(C)C)c12,CCOC(=O)c1c(CS(=O)(=O)c2ccccc2)n(C)c2cc(Br)c(O)c(C[N+](C)(C)[O-])c12,CCOC(=O)c1c(CS(=O)(=O)c2ccccc2)n(C)c2cc(Br)c(OC3OC(C(=O)O)C(O)C(O)C3O)c(CNC)c12,CCOC(=O)c1c(CS(=O)(=O)c2ccccc2)n(C)c2cc(Br)c(O)c(CO)c12,CCOC(=O)c1c(CS(=O)(=O)c2ccccc2)n(C)c2cc(Br)c(OS(=O)(=O)O)c(CN(C)C)c12,CN(C)Cc1c(O)c(Br)cc2c1c(C(=O)OC1OC(C(=O)O)C(O)C(O)C1O)c(CS(=O)(=O)c1ccccc1)n2C,CCOC(=O)c1c(CS(=O)(=O)c2ccccc2)n(C)c2cc(Br)c(OS(=O)(=O)O)c(CNC)c12,CN(C)Cc1c(OC2OC(C(=O)O)C(O)C(O)C2O)c(Br)cc2c1c(C(=O)O)c(CS(=O)(=O)c1ccccc1)n2C"
CCOC(=O)c1c(CS(=O)(=O)c2ccccc2)n(C)c2cc(Br)c(OS(=O)(=O)[O-])c(CN(C)C)c12,CCOC(=O)c1c(CSc2ccccc2)[nH]c2cc(Br)c(OS(=O)(=O)[O-])c(CN(C)C)c12,"CCOC(=O)c1c(CS(=O)(=O)c2ccccc2)n(C)c2cc(Br)c(OS(=O)(=O)[O-])c(CN(C)C)c12,CCOC(=O)c1c(CS(=O)(=O)c2ccccc2)n(C)c2cc(Br)c(OS(=O)(=O)[O-])c(CNC)c12,CN(C)Cc1c(OS(=O)(=O)[O-])c(Br)cc2c1c(C(=O)O)c(CS(=O)(=O)c1ccccc1)n2C,CCOC(=O)c1c(CS(=O)(=O)c2ccccc2)[nH]c2cc(Br)c(OS(=O)(=O)[O-])c(CN(C)C)c12,CCOC(=O)c1c(CS(=O)(=O)c2ccccc2)n(C)c2cc(Br)c(OS(=O)(=O)[O-])c(C[N+](C)(C)[O-])c12,CCOC(=O)c1c(CS(=O)(=O)c2ccccc2)n(C)c2cc(Br)c(O)c(CN(C)C)c12,CCOC(=O)c1c(CS(=O)(=O)c2ccccc2)n(C)c2cc(Br)c(OS(=O)(=O)[O-])c(CO)c12,CN(C)Cc1c(OS(=O)(=O)[O-])c(Br)cc2c1c(C(=O)OC1OC(C(=O)O)C(O)C(O)C1O)c(CS(=O)(=O)c1ccccc1)n2C,CCOC(=O)c1c(CS(=O)(=O)c2ccccc2)n(C)c2c(O)c(Br)c(OS(=O)(=O)[O-])c(CN(C)C)c12,O=[SH](=O)c1ccccc1,CCOC(=O)c1c(CO)n(C)c2cc(Br)c(OS(=O)(=O)[O-])c(CN(C)C)c12,CCOC(=O)c1c(CS(=O)(=O)c2ccccc2)n(C)c2cc(Br)c(OS(=O)(=O)[O-])c(C(O)N(C)C)c12"
Cc1cccc(C)c1OCC(=O)N[C@@H](Cc1ccccc1)[C@@H](O)C[C@H](Cc1ccccc1)NC(=O)[C@H](C(C)C)N1CCC(O)NC1=O,Cc1cccc(C)c1OCC(=O)NC(Cc1ccccc1)C(O)CC(Cc1ccccc1)NC(=O)C(C(C)C)N1CCC(=O)NC1=O,"Cc1cccc(C)c1OCC(=O)NC(Cc1ccccc1)C(O)CC(Cc1ccccc1)NC(=O)C(C(C)C)N1CCC(O)NC1=O,Cc1cccc(CO)c1OCC(=O)NC(Cc1ccccc1)C(O)CC(Cc1ccccc1)NC(=O)C(C(C)C)N1CCC(O)NC1=O,Cc1cccc(C)c1OCC(=O)NC(Cc1ccccc1)C(O)CC(Cc1ccccc1)NC(=O)C(C(C)C)N(CCC=O)C(N)=O,Cc1cccc(C)c1OCC(=O)NC(Cc1ccccc1)C(=O)CC(Cc1ccccc1)NC(=O)C(C(C)C)N1CCC(O)NC1=O,Cc1cccc(C)c1OCC(=O)NC(Cc1ccccc1)C(CC(Cc1ccccc1)NC(=O)C(C(C)C)N1CCC(O)NC1=O)OC1OC(C(=O)O)C(O)C(O)C1O,Cc1cccc(C)c1OCC(=O)NC(Cc1ccccc1)C(O)CC(Cc1ccccc1)NC(=O)C(C(C)C)N1CCC(OC2OC(C(=O)O)C(O)C(O)C2O)NC1=O,Cc1cccc(C)c1OCC(=O)NC(Cc1ccccc1)C(O)CC(Cc1ccccc1)NC(=O)C(N1CCC(O)NC1=O)C(C)(C)O,CC(C)C(C(=O)NC(Cc1ccccc1)CC(O)C(N)Cc1ccccc1)N1CCC(O)NC1=O,CC(C)C(C(=O)O)N1CCC(O)NC1=O,Cc1cccc(C)c1OCC(=O)O,Cc1cccc(C)c1OCC(=O)NC(Cc1ccccc1)C(O)CC(N)Cc1ccccc1,CC(C)C(C(=O)NC(Cc1ccccc1)CC(O)C(Cc1ccccc1)NC(=O)CO)N1CCC(O)NC1=O"
NC(CCCCCNOC(=O)CCCC[C@@H]1SC[C@@H]2NC(=O)N[C@H]12)C(=O)O,O=C(O)CCCCC1SCC2NC(=O)NC21,"NC(CCCCCNOC(=O)CCCCC1SCC2NC(=O)NC21)C(=O)O,NC(CCCCCNOC(=O)CCCCC1C2NC(=O)NC2CS1=O)C(=O)O,NC(CCCCCNOC(=O)CCCCC1SCC2NC(=O)NC21)C(=O)OC1OC(C(=O)O)C(O)C(O)C1O,CC(=O)NC(CCCCCNOC(=O)CCCCC1SCC2NC(=O)NC21)C(=O)O,O=C1NC2CSC(CCCCC(=O)ONCCCCCC(=O)C(=O)O)C2N1,NOC(=O)CCCCC1SCC2NC(=O)NC21,NC(CCCCCO)C(=O)O,[NH]C1C(NC(=O)O)CSC1CCCCC(=O)ONCCCCCC(N)C(=O)O,[NH]C1CSC(CCCCC(=O)ONCCCCCC(N)C(=O)O)C1NC(=O)O,NC(CCCCCNOC(=O)CCCCC1C2NC(=O)NC2CS1=O)C(=O)OC1OC(C(=O)O)C(O)C(O)C1O,CC(=O)NC(CCCCCNOC(=O)CCCCC1C2NC(=O)NC2CS1=O)C(=O)O,NCCCCCCNOC(=O)CCCCC1SCC2NC(=O)NC21"
Cn1cnc2c(F)c(Nc3ccc(Br)cc3Cl)c(C(N)=O)cc21,"NC(=O)c1cc2[nH]cnc2c(F)c1Nc1ccc(Br)cc1Cl,Cn1cnc2c(F)c(Nc3ccc(Br)cc3Cl)c(C(=O)O)cc21","Cn1cnc2c(F)c(Nc3ccc(Br)cc3Cl)c(C(N)=O)cc21,Cn1cnc2c(F)c(Nc3ccc(Br)cc3Cl)c(C(=O)O)cc21,NC(=O)c1cc2[nH]cnc2c(F)c1Nc1ccc(Br)cc1Cl,Cn1c(=O)[nH]c2c(F)c(Nc3ccc(Br)cc3Cl)c(C(N)=O)cc21,Cn1cnc2c(F)c(Nc3ccc(Br)cc3Cl)c(C(=O)OC3OC(C(=O)O)C(O)C(O)C3O)cc21,Cn1c[n+]([O-])c2c(F)c(Nc3ccc(Br)cc3Cl)c(C(N)=O)cc21,Cn1cnc2c(F)c(Nc3c(O)cc(Br)cc3Cl)c(C(N)=O)cc21,Cn1cnc2c(F)c(N(c3ccc(Br)cc3Cl)C3OC(C(=O)O)C(O)C(O)C3O)c(C(N)=O)cc21,Cn1cnc2c(F)c(Nc3ccc(Br)cc3Cl)c(C(=O)NCC(=O)O)cc21,Cn1c[n+](C2OC(C(=O)O)C(O)C(O)C2O)c2c(F)c(Nc3ccc(Br)cc3Cl)c(C(N)=O)cc21,Cn1cnc2c(F)c(Nc3ccc(Br)cc3Cl)c(C(N)=O)c(O)c21,Cn1cnc2c(F)c(Nc3ccc(Br)cc3Cl)c(C(=O)NC3OC(C(=O)O)C(O)C(O)C3O)cc21"
O=C(NOCCO)c1cc2[nH]cnc2c(F)c1Nc1ccc(Br)cc1Cl,"O=C(O)CONC(=O)c1cc2[nH]cnc2c(F)c1Nc1ccc(Br)cc1Cl,NC(=O)c1cc2[nH]cnc2c(F)c1Nc1ccc(Br)cc1Cl","O=C(NOCCO)c1cc2[nH]cnc2c(F)c1Nc1ccc(Br)cc1Cl,O=C(O)CONC(=O)c1cc2[nH]cnc2c(F)c1Nc1ccc(Br)cc1Cl,NOCCO,O=C(O)c1cc2[nH]cnc2c(F)c1Nc1ccc(Br)cc1Cl,O=C(NOCCO)c1cc2[nH]c(=O)[nH]c2c(F)c1Nc1ccc(Br)cc1Cl,O=C(NOCCOC1OC(C(=O)O)C(O)C(O)C1O)c1cc2[nH]cnc2c(F)c1Nc1ccc(Br)cc1Cl,O=C(OC1OC(C(=O)O)C(O)C(O)C1O)c1cc2[nH]cnc2c(F)c1Nc1ccc(Br)cc1Cl,O=C(NOCCO)C1=CC2=NC=NC2=C(F)C1=Nc1ccc(Br)cc1Cl,O=C(NOCCO)c1cc2[nH]c[n+]([O-])c2c(F)c1Nc1ccc(Br)cc1Cl,O=C(NOCCO)c1cc2[nH]cnc2c(F)c1Nc1c(O)cc(Br)cc1Cl,O=C(CONC(=O)c1cc2[nH]cnc2c(F)c1Nc1ccc(Br)cc1Cl)OC1OC(C(=O)O)C(O)C(O)C1O,CC(=O)NOCCO"
N=C(N)Nc1ccc(C(=O)Oc2ccc(CC(=O)O)cc2)cc1,N=C(N)Nc1ccc(C(=O)O)cc1,"N=C(N)Nc1ccc(C(=O)Oc2ccc(CC(=O)O)cc2)cc1,O=C(O)Cc1ccc(O)cc1,N=C(N)Nc1ccc(C(=O)O)cc1,N=C(N)Nc1ccc(C(=O)Oc2ccc(CC(=O)OC3OC(C(=O)O)C(O)C(O)C3O)cc2)cc1,N=C(N)Nc1ccc(C(=O)OC2OC(C(=O)O)C(O)C(O)C2O)cc1,N=C(N)Nc1ccc(C(=O)Oc2ccc(C(O)C(=O)O)cc2)cc1,O=C(O)Cc1ccc(OC2OC(C(=O)O)C(O)C(O)C2O)cc1,O=C(Cc1ccc(O)cc1)OC1OC(C(=O)O)C(O)C(O)C1O,N=C(N)Nc1ccc(C(=O)Oc2ccc(CC(=O)NCC(=O)O)cc2)cc1,O=C(O)Cc1ccc(OS(=O)(=O)O)cc1,N=C(N)Nc1ccc(C(=O)Oc2ccc(CC(=O)O)cc2O)cc1,N=C(N)Nc1ccc(C(=O)Oc2ccc(CC(=O)O)cc2)cc1O"
O=C1N[C@@H](Cc2ccc3[nH]cc(CCO)c3c2)CO1,O=C(O)Cc1c[nH]c2ccc(CC3COC(=O)N3)cc12,"O=C1NC(Cc2ccc3[nH]cc(CCO)c3c2)CO1,O=C(O)Cc1c[nH]c2ccc(CC3COC(=O)N3)cc12,O=C1NC(Cc2ccc3[nH]cc(CCOC4OC(C(=O)O)C(O)C(O)C4O)c3c2)CO1,O=C1NC(Cc2ccc3[nH]cc(C(O)CO)c3c2)CO1,O=C1NC(C(O)c2ccc3[nH]cc(CCO)c3c2)CO1,O=C1NC(Cc2cc3c(CCO)c[nH]c3cc2O)CO1,[NH]C(COC(=O)O)Cc1ccc2[nH]cc(CCO)c2c1,O=C(O)NC(CO)Cc1ccc2[nH]cc(CCO)c2c1,O=C1NC(Cc2cc(O)c3[nH]cc(CCO)c3c2)CO1,O=C(Cc1c[nH]c2ccc(CC3COC(=O)N3)cc12)OC1OC(C(=O)O)C(O)C(O)C1O,O=C1NC(Cc2ccc3c(c2)c(CCO)cn3C2OC(C(=O)O)C(O)C(O)C2O)CO1,O=C(O)C1OC(N2C(=O)OCC2Cc2ccc3[nH]cc(CCO)c3c2)C(O)C(O)C1O"
CC[C@H]1OC(=O)[C@H](C)C(=O)[C@H](C)[C@@H](O[C@@H]2O[C@H](C)C[C@H](NC)[C@H]2O)[C@](C)(OCC=Cc2cnc3ccccc3c2)C[C@@H](C)C(=O)[C@H](C)[C@H]2NC(=O)O[C@]12C,"CCC1OC(=O)C(C)C(=O)C(C)C(OC2OC(C)CC(N)C2O)C(C)(OCC=Cc2cnc3ccccc3c2)CC(C)C(=O)C(C)C2NC(=O)OC12C,CCC1OC(=O)C(C)C(=O)C(C)C(OC2OC(C)CC(NC)C2O)C(C)(OCC=Cc2cnc3ccccc3c2)CC(C)C(=O)C(CO)C2NC(=O)OC12C","CCC1OC(=O)C(C)C(=O)C(C)C(OC2OC(C)CC(NC)C2O)C(C)(OCC=Cc2cnc3ccccc3c2)CC(C)C(=O)C(C)C2NC(=O)OC12C,CCC1OC(=O)C(C)C(=O)C(C)C(OC2OC(C)CC(N)C2O)C(C)(OCC=Cc2cnc3ccccc3c2)CC(C)C(=O)C(C)C2NC(=O)OC12C,CCC1OC(=O)C(C)C(O)C(C)C(OC2OC(C)CC(NC)C2O)C(C)(OCC=Cc2cnc3ccccc3c2)CC(C)C(=O)C(C)C2NC(=O)OC12C,CCC1OC(=O)C(C)C(=O)C(C)C(OC2OC(C)CC(NC)C2O)C(C)(OCC=Cc2cnc3ccccc3c2)CC(C)C(O)C(C)C2NC(=O)OC12C,CCC(O)C1(C)OC(=O)NC1C(C)C(=O)C(C)CC(C)(OCC=Cc1cnc2ccccc2c1)C(OC1OC(C)CC(NC)C1O)C(C)C(=O)C(C)C(=O)O,CCC1OC(=O)C(C)C(=O)C(C)C(O)C(C)(OCC=Cc2cnc3ccccc3c2)CC(C)C(=O)C(C)C2NC(=O)OC12C,CNC1CC(C)OC(O)C1O,CCC1OC(=O)C(C)C(=O)C(C)C(OC2OC(C)CC(NC)C2O)C(C)(OCC=Cc2cnc3ccc(O)cc3c2)CC(C)C(=O)C(C)C2NC(=O)OC12C,CNC1CC(C)OC(OC2C(C)C(=O)C(C)C(=O)OC(C(C)O)C3(C)OC(=O)NC3C(C)C(=O)C(C)CC2(C)OCC=Cc2cnc3ccccc3c2)C1O,CCC1OC(=O)C(C)C(=O)C(C)C(OC2OC(C)CC(NC)C2=O)C(C)(OCC=Cc2cnc3ccccc3c2)CC(C)C(=O)C(C)C2NC(=O)OC12C,OCC=Cc1cnc2ccccc2c1,CCC1OC(=O)C(C)C(=O)C(C)C(OC2OC(C)CC(NC)C2O)C(C)(O)CC(C)C(=O)C(C)C2NC(=O)OC12C"
CC[C@H]1OC(=O)[C@H](C)C(=O)[C@H](C)[C@@H](O[C@@H]2O[C@H](C)C[C@H](N(C)C)[C@H]2O)[C@](C)(OCC=Cc2cnc3ccccc3c2)C[C@@H](C)C(=O)[C@H](CO)[C@H]2NC(=O)O[C@]12C,CCC1OC(=O)C(C)C(=O)C(C)C(OC2OC(C)CC(NC)C2O)C(C)(OCC=Cc2cnc3ccccc3c2)CC(C)C(=O)C(CO)C2NC(=O)OC12C,"CCC1OC(=O)C(C)C(=O)C(C)C(OC2OC(C)CC(N(C)C)C2O)C(C)(OCC=Cc2cnc3ccccc3c2)CC(C)C(=O)C(CO)C2NC(=O)OC12C,CCC1OC(=O)C(C)C(=O)C(C)C(OC2OC(C)CC(NC)C2O)C(C)(OCC=Cc2cnc3ccccc3c2)CC(C)C(=O)C(CO)C2NC(=O)OC12C,CCC1OC(=O)C(C)C(O)C(C)C(OC2OC(C)CC(N(C)C)C2O)C(C)(OCC=Cc2cnc3ccccc3c2)CC(C)C(=O)C(CO)C2NC(=O)OC12C,CCC1OC(=O)C(C)C(=O)C(C)C(OC2OC(C)CC(N(C)C)C2O)C(C)(OCC=Cc2cnc3ccccc3c2)CC(C)C(O)C(CO)C2NC(=O)OC12C,CCC(O)C1(C)OC(=O)NC1C(CO)C(=O)C(C)CC(C)(OCC=Cc1cnc2ccccc2c1)C(OC1OC(C)CC(N(C)C)C1O)C(C)C(=O)C(C)C(=O)O,CCC1OC(=O)C(C)C(=O)C(C)C(OC2OC(C)CC(N(C)C)C2O)C(C)(OCC=Cc2cnc3ccccc3c2)CC(C)C(=O)C(C(=O)O)C2NC(=O)OC12C,CCC1OC(=O)C(C)C(=O)C(C)C(OC2OC(C)CC([N+](C)(C)[O-])C2O)C(C)(OCC=Cc2cnc3ccccc3c2)CC(C)C(=O)C(CO)C2NC(=O)OC12C,CC1CC(N(C)C)C(O)C(O)O1,CCC1OC(=O)C(C)C(=O)C(C)C(O)C(C)(OCC=Cc2cnc3ccccc3c2)CC(C)C(=O)C(CO)C2NC(=O)OC12C,CCC1OC(=O)C(C)C(=O)C(C)C(OC2OC(C)CC(N(C)C)C2O)C(C)(OCC=Cc2cnc3ccc(O)cc3c2)CC(C)C(=O)C(CO)C2NC(=O)OC12C,CC1CC(N(C)C)C(O)C(OC2C(C)C(=O)C(C)C(=O)OC(C(C)O)C3(C)OC(=O)NC3C(CO)C(=O)C(C)CC2(C)OCC=Cc2cnc3ccccc3c2)O1,CCC1OC(=O)C(C)C(=O)C(C)C(OC2OC(C)CC(N(C)C)C2O)C(C)(OCC=Cc2cnc3ccccc3c2)CC(C)C(=O)C(COC2OC(C(=O)O)C(O)C(O)C2O)C2NC(=O)OC12C"
COc1ccc2c3c1O[C@H]1CC(=O)C=C[C@@]31CCN(C)C2,"COc1ccc2c3c1OC1CC(O)C=CC31CCN(C)C2,CN1CCC23C=CC(=O)CC2Oc2c(O)ccc(c23)C1","COc1ccc2c3c1OC1CC(=O)C=CC31CCN(C)C2,COc1ccc2c3c1OC1CC(=O)C=CC31CCNC2,CN1CCC23C=CC(=O)CC2Oc2c(O)ccc(c23)C1,COc1ccc2c3c1OC1CC(=O)C=CC31CC[N+](C)([O-])C2,COc1ccc2c3c1OC1CC(O)C=CC31CCN(C)C2,COc1ccc2c(c1O)C1(C=CC(=O)CC1O)CCN(C)C2,COc1ccc2c3c1OC1CC(=O)CCC31CCN(C)C2,CN1CCC23C=CC(=O)CC2Oc2c(OC4OC(C(=O)O)C(O)C(O)C4O)ccc(c23)C1,COc1c(O)cc2c3c1OC1CC(=O)C=CC31CCN(C)C2,COc1cc(O)c2c3c1OC1CC(=O)C=CC31CCN(C)C2,COc1ccc2c3c1OC1CC(=O)C=CC31CCN(C)C2O,COc1ccc2c3c1OC1CC(=O)C=CC31CC(=O)N(C)C2"
CC(=O)OC[C@@H](NC(=O)C(Cl)Cl)[C@H](O)c1ccc([N+](=O)[O-])cc1,CC(=O)OC(c1ccc([N+](=O)[O-])cc1)C(CO)NC(=O)C(Cl)Cl,"CC(=O)OCC(NC(=O)C(Cl)Cl)C(O)c1ccc([N+](=O)[O-])cc1,O=C(NC(CO)C(O)c1ccc([N+](=O)[O-])cc1)C(Cl)Cl,CC(=O)OCC(=Cc1ccc([N+](=O)[O-])cc1)NC(=O)C(Cl)Cl,CC(=O)OCC(NC(=O)C(Cl)Cl)C(O)c1ccc(N)cc1,CC(=O)OCC(NC(=O)C(O)Cl)C(O)c1ccc([N+](=O)[O-])cc1,CC(=O)OCC(NC(=O)C(Cl)Cl)C(=O)c1ccc([N+](=O)[O-])cc1,CC(=O)OCC(NC(=O)C(Cl)Cl)C(OC1OC(C(=O)O)C(O)C(O)C1O)c1ccc([N+](=O)[O-])cc1,O=C(O)C(Cl)Cl,CC(=O)OCC(N)C(O)c1ccc([N+](=O)[O-])cc1,O=C(NC(COC1OC(C(=O)O)C(O)C(O)C1O)C(O)c1ccc([N+](=O)[O-])cc1)C(Cl)Cl,O=C(NC(CO)C(OC1OC(C(=O)O)C(O)C(O)C1O)c1ccc([N+](=O)[O-])cc1)C(Cl)Cl,O=C(CO)OCC(NC(=O)C(Cl)Cl)C(O)c1ccc([N+](=O)[O-])cc1"
CC(=O)O[C@H](c1ccc([N+](=O)[O-])cc1)[C@@H](CO)NC(=O)C(Cl)Cl,CC(=O)OCC(NC(=O)C(Cl)Cl)C(OC(C)=O)c1ccc([N+](=O)[O-])cc1,"CC(=O)OC(c1ccc([N+](=O)[O-])cc1)C(CO)NC(=O)C(Cl)Cl,O=C(NC(CO)C(O)c1ccc([N+](=O)[O-])cc1)C(Cl)Cl,CC(=O)OC(c1ccc([N+](=O)[O-])cc1)C(NC(=O)C(Cl)Cl)C(=O)O,CC(=O)OC(c1ccc(N)cc1)C(CO)NC(=O)C(Cl)Cl,CC(=O)OC(c1ccc([N+](=O)[O-])cc1)C(CO)NC(=O)C(O)Cl,CC(=O)OC(c1ccc([N+](=O)[O-])cc1)C(COC1OC(C(=O)O)C(O)C(O)C1O)NC(=O)C(Cl)Cl,CC(=O)OC(c1ccc([N+](=O)[O-])cc1)C(N)CO,O=C(O)C(Cl)Cl,O=C(NC(COC1OC(C(=O)O)C(O)C(O)C1O)C(O)c1ccc([N+](=O)[O-])cc1)C(Cl)Cl,O=C(NC(CO)C(OC1OC(C(=O)O)C(O)C(O)C1O)c1ccc([N+](=O)[O-])cc1)C(Cl)Cl,O=C(CO)OC(c1ccc([N+](=O)[O-])cc1)C(CO)NC(=O)C(Cl)Cl,CC(=O)Nc1ccc(C(OC(C)=O)C(CO)NC(=O)C(Cl)Cl)cc1"
O=C(CO)N[C@H](CO)[C@H](O)c1ccc([N+](=O)[O-])cc1,O=C(O)C(=O)NC(CO)C(O)c1ccc([N+](=O)[O-])cc1,"O=C(CO)NC(CO)C(O)c1ccc([N+](=O)[O-])cc1,O=C(O)C(=O)NC(CO)C(O)c1ccc([N+](=O)[O-])cc1,O=C(CO)NC(C(=O)O)C(O)c1ccc([N+](=O)[O-])cc1,O=C(CO)NC(=Cc1ccc([N+](=O)[O-])cc1)CO,Nc1ccc(C(O)C(CO)NC(=O)CO)cc1,O=C(CO)NC(CO)C(=O)c1ccc([N+](=O)[O-])cc1,O=C(CO)NC(CO)C(OC1OC(C(=O)O)C(O)C(O)C1O)c1ccc([N+](=O)[O-])cc1,O=C(COC1OC(C(=O)O)C(O)C(O)C1O)NC(CO)C(O)c1ccc([N+](=O)[O-])cc1,O=C(CO)NC(COC1OC(C(=O)O)C(O)C(O)C1O)C(O)c1ccc([N+](=O)[O-])cc1,NC(CO)C(O)c1ccc([N+](=O)[O-])cc1,O=C(O)CO,CC(=O)Nc1ccc(C(O)C(CO)NC(=O)CO)cc1"
O=C(O)C(=O)N[C@H](CO)[C@H](O)c1ccc([N+](=O)[O-])cc1,"O=C(O)CNC(=O)C(=O)NC(CO)C(O)c1ccc([N+](=O)[O-])cc1,O=C(NCO)C(=O)NC(CO)C(O)c1ccc([N+](=O)[O-])cc1","O=C(O)C(=O)NC(CO)C(O)c1ccc([N+](=O)[O-])cc1,O=C1NC(C(O)c2ccc([N+](=O)[O-])cc2)COC1=O,O=C1NC(CO)C(c2ccc([N+](=O)[O-])cc2)OC1=O,O=C(O)NC(CO)C(O)c1ccc([N+](=O)[O-])cc1,O=C(O)C(=O)NC(C(=O)O)C(O)c1ccc([N+](=O)[O-])cc1,O=C(O)C(=O)NC(=Cc1ccc([N+](=O)[O-])cc1)CO,O=C(NC(CO)C(O)c1ccc([N+](=O)[O-])cc1)C(=O)OC1OC(C(=O)O)C(O)C(O)C1O,Nc1ccc(C(O)C(CO)NC(=O)C(=O)O)cc1,O=C(O)C(=O)NC(CO)C(=O)c1ccc([N+](=O)[O-])cc1,O=C(O)C(=O)NC(CO)C(OC1OC(C(=O)O)C(O)C(O)C1O)c1ccc([N+](=O)[O-])cc1,O=C(O)C(=O)NC(COC1OC(C(=O)O)C(O)C(O)C1O)C(O)c1ccc([N+](=O)[O-])cc1,NC(CO)C(O)c1ccc([N+](=O)[O-])cc1"
Nc1ccc([C@@H](O)[C@H](N)CO)cc1,CC(=O)Nc1ccc(C(O)C(N)CO)cc1,"Nc1ccc(C(O)C(N)CO)cc1,CC(=O)Nc1ccc(C(O)C(N)CO)cc1,Nc1ccc(C(O)C(N)C(=O)O)cc1,CC(=O)NC(CO)C(O)c1ccc(N)cc1,Nc1ccc(C(=O)C(N)CO)cc1,Nc1ccc(C(O)C(=O)CO)cc1,Nc1ccc(C(O)C(N)COC2OC(C(=O)O)C(O)C(O)C2O)cc1,Nc1ccc(C(OC2OC(C(=O)O)C(O)C(O)C2O)C(N)CO)cc1,CC(=O)Nc1ccc(C(O)C(N)C(=O)O)cc1,NC(CO)C(O)c1ccc([N+](=O)[O-])cc1,NC(CO)C(O)c1ccc(NC2OC(C(=O)O)C(O)C(O)C2O)cc1,CC(=O)Nc1ccc(C(=O)C(N)CO)cc1"
N[C@H](CO)[C@H](O)c1ccc([N+](=O)[O-])cc1,CC(=O)NC(CO)C(O)c1ccc([N+](=O)[O-])cc1,"NC(CO)C(O)c1ccc([N+](=O)[O-])cc1,NC(C(=O)O)C(O)c1ccc([N+](=O)[O-])cc1,CC(=O)NC(CO)C(O)c1ccc([N+](=O)[O-])cc1,Nc1ccc(C(O)C(N)CO)cc1,NC(CO)C(=O)c1ccc([N+](=O)[O-])cc1,O=C(CO)C(O)c1ccc([N+](=O)[O-])cc1,NC(COC1OC(C(=O)O)C(O)C(O)C1O)C(O)c1ccc([N+](=O)[O-])cc1,NC(CO)C(OC1OC(C(=O)O)C(O)C(O)C1O)c1ccc([N+](=O)[O-])cc1,CC(=O)Nc1ccc(C(O)C(N)CO)cc1,NC(CO)C(O)c1ccc([N+](=O)[O-])c(O)c1,NC(C(=O)OC1OC(C(=O)O)C(O)C(O)C1O)C(O)c1ccc([N+](=O)[O-])cc1,CC(=O)NC(C(=O)O)C(O)c1ccc([N+](=O)[O-])cc1"
CNCCCN1c2ccccc2CCc2ccccc21,CNCCCN1c2ccccc2CCc2cc(O)ccc21,"CNCCCN1c2ccccc2CCc2ccccc21,NCCCN1c2ccccc2CCc2ccccc21,CNCCCN1c2ccccc2CCc2cc(O)ccc21,CNCCCO,c1ccc2c(c1)CCc1ccccc1N2,CC(=O)NCCCN1c2ccccc2CCc2ccccc21,OCCCN1c2ccccc2CCc2ccccc21,CNCCCN1c2ccccc2CC(O)c2ccccc21,CNCCCN1c2ccccc2CCc2ccc(O)cc21,CNCCCN1c2ccccc2C=Cc2ccccc21,CNCCCN1c2ccccc2CCc2cc(OC3OC(C(=O)O)C(O)C(O)C3O)ccc21,CNCCCN1c2ccccc2CCc2cccc(O)c21"
O=C(NOCCO)c1ccc2cncn2c1Nc1ccc(I)cc1F,"O=c1[nH]n(-c2ccc(I)cc2F)c2c1ccc1cncn12,NC(=O)c1ccc2cncn2c1Nc1ccc(I)cc1F","O=C(NOCCO)c1ccc2cncn2c1Nc1ccc(I)cc1F,O=C(O)CONC(=O)c1ccc2cncn2c1Nc1ccc(I)cc1F,NOCCO,O=C(O)c1ccc2cncn2c1Nc1ccc(I)cc1F,O=C(NOCCO)c1cc(O)c2cncn2c1Nc1ccc(I)cc1F,O=C(NOCCO)c1ccc2cncn2c1Nc1ccccc1F,O=C(NOCCO)c1ccc2c[nH]c(=O)n2c1Nc1ccc(I)cc1F,O=C(NOCCOC1OC(C(=O)O)C(O)C(O)C1O)c1ccc2cncn2c1Nc1ccc(I)cc1F,O=C(NOCCO)c1c(O)cc2cncn2c1Nc1ccc(I)cc1F,O=C(OC1OC(C(=O)O)C(O)C(O)C1O)c1ccc2cncn2c1Nc1ccc(I)cc1F,O=C(NOCCO)c1cc(OC2OC(C(=O)O)C(O)C(O)C2O)c2cncn2c1Nc1ccc(I)cc1F,O=C(NOCCO)c1ccc2c[n+]([O-])cn2c1Nc1ccc(I)cc1F"
Nc1nnc(-c2cccc(Cl)c2Cl)c(N)n1,Nc1nc(N)[n+](C2OC(C(=O)O)C(O)C(O)C2O)nc1-c1cccc(Cl)c1Cl,"Nc1nnc(-c2cccc(Cl)c2Cl)c(N)n1,CC(=O)Nc1nnc(-c2cccc(Cl)c2Cl)c(N)n1,CC(=O)Nc1nc(N)nnc1-c1cccc(Cl)c1Cl,Nc1nnc(-c2ccc(O)c(Cl)c2Cl)c(N)n1,Nc1nnc(-c2cccc(Cl)c2Cl)c(N)[n+]1[O-],Nc1nnc(-c2cccc(Cl)c2Cl)c(NC2OC(C(=O)O)C(O)C(O)C2O)n1,Nc1nc(NC2OC(C(=O)O)C(O)C(O)C2O)nnc1-c1cccc(Cl)c1Cl,Nc1nnc(-c2cccc(Cl)c2Cl)c(=O)[nH]1,Nc1nc(=O)[nH]nc1-c1cccc(Cl)c1Cl,CC(=O)Nc1nc(N)nnc1-c1ccc(O)c(Cl)c1Cl,CC(=O)Nc1nnc(-c2ccc(O)c(Cl)c2Cl)c(N)n1,Nc1nnc(-c2cc(O)cc(Cl)c2Cl)c(N)n1"
CC(C(=O)O)c1ccc(CC2CCCC2=O)cc1,CC(C(=O)O)c1ccc(CC2CCCC2O)cc1,"CC(C(=O)O)c1ccc(CC2CCCC2=O)cc1,CC(C(=O)O)c1ccc(CC2CCCC2O)cc1,CC(C(=O)OC1OC(C(=O)O)C(O)C(O)C1O)c1ccc(CC2CCCC2=O)cc1,CC(O)(C(=O)O)c1ccc(CC2CCCC2=O)cc1,CC(C(=O)O)c1ccc(CC2CC(O)CC2=O)cc1,CC(C(=O)O)c1ccc(C(O)C2CCCC2=O)cc1,CC(C(=O)OC1OC(C(=O)O)C(O)C(O)C1O)c1ccc(CC2CCCC2O)cc1,CC(C(=O)O)c1ccc(CC2CCC(O)C2=O)cc1,CC(C(=O)O)c1ccc(C=C2CCCC2=O)cc1,CC(C(=O)NCC(=O)O)c1ccc(CC2CCCC2=O)cc1,CC(C(=O)O)c1ccc(CC2CCCC2OC2OC(C(=O)O)C(O)C(O)C2O)cc1,O=C1CCCC1Cc1ccc(C(CO)C(=O)O)cc1"
Cc1cccc(CN2CCN(C(c3ccccc3)c3ccc(Cl)cc3)CC2)c1,"Cc1cccc(CN2CCN(C(c3ccc(O)cc3)c3ccc(Cl)cc3)CC2)c1,OCc1cccc(CN2CCN(C(c3ccccc3)c3ccc(Cl)cc3)CC2)c1","Cc1cccc(CN2CCN(C(c3ccccc3)c3ccc(Cl)cc3)CC2)c1,OCc1cccc(CN2CCN(C(c3ccccc3)c3ccc(Cl)cc3)CC2)c1,Cc1cccc(CO)c1,Clc1ccc(C(c2ccccc2)N2CCNCC2)cc1,Cc1cc(CN2CCN(C(c3ccccc3)c3ccc(Cl)cc3)CC2)ccc1O,Cc1ccc(O)c(CN2CCN(C(c3ccccc3)c3ccc(Cl)cc3)CC2)c1,Cc1cccc(CN2CCN(C(c3ccc(O)cc3)c3ccc(Cl)cc3)CC2)c1,Cc1cccc(CN2CC[N+]([O-])(C(c3ccccc3)c3ccc(Cl)cc3)CC2)c1,Cc1cccc(C[N+]2([O-])CCN(C(c3ccccc3)c3ccc(Cl)cc3)CC2)c1,O=C(O)c1cccc(CN2CCN(C(c3ccccc3)c3ccc(Cl)cc3)CC2)c1,Cc1cccc(C(O)N2CCN(C(c3ccccc3)c3ccc(Cl)cc3)CC2)c1,Cc1cccc(CN2CCN(C(c3ccccc3)c3ccc(Cl)cc3)C(=O)C2)c1"
CCOC(=O)[N-]c1c[n+](N2CCOCC2)no1,[NH-]c1c[n+](N2CCOCC2)no1,"CCOC(=O)[N-]c1c[n+](N2CCOCC2)no1,CCOC(=O)[N-]c1c[n+](NCCO)no1,CCOC(=O)[N-]c1c[n+](N(CCO)CCO)no1,CCO,CCOC(=O)O,O=C(O)[N-]c1c[n+](N2CCOCC2)no1,[NH-]c1c[n+](N2CCOCC2)no1,CCOC(=O)[N-]c1c[n+](N2CCOCC2=O)no1,CCOC(=O)[N-]c1c[n+](N2CCOCC2O)no1,CCOC(=O)[N-]c1c[n+](N2CCOCC2)[n+](C2OC(C(=O)O)C(O)C(O)C2O)o1,CCOC(=O)[N-]c1c[n+](NCCOC2OC(C(=O)O)C(O)C(O)C2O)no1,CCOC(=O)[N-]c1c[n+](N(CCO)CCOC2OC(C(=O)O)C(O)C(O)C2O)no1"
CC(C)CNCc1ccc(-c2ccccc2S(=O)(=O)N2CCCC2)cc1,"CC(C)CNCc1ccc(-c2ccccc2S(=O)(=O)N2CCC(O)C2)cc1,CC(CO)CNCc1ccc(-c2ccccc2S(=O)(=O)N2CCCC2)cc1,CC(C)(O)CNCc1ccc(-c2ccccc2S(=O)(=O)N2CCCC2)cc1,CC(C)CNC(=O)c1ccc(-c2ccccc2S(=O)(=O)N2CCCC2)cc1,NCc1ccc(-c2ccccc2S(=O)(=O)N2CCCC2)cc1,CC(C)CNCc1ccc(-c2ccccc2S(=O)(=O)N2CCCC2O)cc1","CC(C)CNCc1ccc(-c2ccccc2S(=O)(=O)N2CCCC2)cc1,CC(C)CNCc1ccc(-c2ccccc2S(=O)(=O)N2CCC(O)C2)cc1,CC(C)(O)CNCc1ccc(-c2ccccc2S(=O)(=O)N2CCCC2)cc1,CC(C)CO,NCc1ccc(-c2ccccc2S(=O)(=O)N2CCCC2)cc1,CC(C)CN,O=S(=O)(c1ccccc1-c1ccc(CO)cc1)N1CCCC1,CC(C)CNCc1ccc(-c2ccc(O)cc2S(=O)(=O)N2CCCC2)cc1,CC(C)CNCc1ccc(-c2ccccc2S(=O)(=O)N2CCCC2=O)cc1,CC(C)CNCc1ccc(-c2ccccc2S(=O)(=O)N2CCCC2O)cc1,CC(CO)CNCc1ccc(-c2ccccc2S(=O)(=O)N2CCCC2)cc1,CC(C)CNCc1ccc(-c2cccc(O)c2S(=O)(=O)N2CCCC2)cc1"
CC(C)(N)Cc1ccccc1,"CC(C)(Cc1ccccc1)NO,CC(C)(N)Cc1ccc(O)cc1","CC(C)(N)Cc1ccccc1,CC(=O)NC(C)(C)Cc1ccccc1,CC(C)(N)C(O)c1ccccc1,CC(N)(CO)Cc1ccccc1,CC(C)(N)Cc1ccc(O)cc1,COc1cc(CC(C)(C)N)ccc1O,CC(C)(N)Cc1cccc(O)c1,CC(C)(N)Cc1ccc(OC2OC(C(=O)O)C(O)C(O)C2O)cc1,CC(C)(Cc1ccccc1)NC1OC(C(=O)O)C(O)C(O)C1O,CC(N)(Cc1ccccc1)C(=O)O,CC(=O)NC(C)(C)C(O)c1ccccc1,CC(=O)NC(C)(C)Cc1ccc(O)cc1"
CNC[C@H](O)c1cccc(O)c1,O=C(O)C(O)c1cccc(O)c1,"CNCC(O)c1cccc(O)c1,NCC(O)c1cccc(O)c1,CNCC(O)c1cccc(OC2OC(C(=O)O)C(O)C(O)C2O)c1,NCC(O)c1cccc(OC2OC(C(=O)O)C(O)C(O)C2O)c1,CNCC(O)c1cccc(OS(=O)(=O)O)c1,CNCC(=O)c1cccc(O)c1,CNCC(OC1OC(C(=O)O)C(O)C(O)C1O)c1cccc(O)c1,CC(=O)NCC(O)c1cccc(O)c1,CN,OCC(O)c1cccc(O)c1,NCC(O)c1cccc(OS(=O)(=O)O)c1,CNCC(O)c1ccc(O)c(O)c1"
CN1CCN(CCCN2c3ccccc3Sc3ccc(Cl)cc32)CC1,"CN1CCN(CCCN2c3ccc(O)cc3Sc3ccc(Cl)cc32)CC1,CN1CCN(CCCN2c3ccccc3S(=O)c3ccc(Cl)cc32)CC1,Clc1ccc2c(c1)N(CCCN1CCNCC1)c1ccccc1S2","CN1CCN(CCCN2c3ccccc3Sc3ccc(Cl)cc32)CC1,CN1CCN(CCCN2c3ccccc3S(=O)c3ccc(Cl)cc32)CC1,Clc1ccc2c(c1)N(CCCN1CCNCC1)c1ccccc1S2,C[N+]1([O-])CCN(CCCN2c3ccccc3Sc3ccc(Cl)cc32)CC1,CN1CCN(CCCN2c3ccccc3Sc3cc(O)c(Cl)cc32)CC1,CN1CCN(CCCN2c3ccc(O)cc3Sc3ccc(Cl)cc32)CC1,OCCCN1c2ccccc2Sc2ccc(Cl)cc21,CN1CCNCC1,Clc1ccc2c(c1)Nc1ccccc1S2,CN1CCN(CCCO)CC1,CN1CC[N+]([O-])(CCCN2c3ccccc3Sc3ccc(Cl)cc32)CC1,CN1CCN(CCCN2c3ccccc3Sc3ccc(Cl)cc32)C(=O)C1"
O=C(c1ccc(OCCN2CCCCC2)cc1)c1c(-c2ccc(O)cc2)sc2cc(O)ccc12,"O=C(c1ccc(OCCN2CCCCC2)cc1)c1c(-c2ccc(OC3C(O)C(O)C(O)C(O)C3C(=O)O)cc2)sc2cc(OC3C(O)C(O)C(O)C(O)C3C(=O)O)ccc12,O=C(c1ccc(OCCN2CCCCC2)cc1)c1c(-c2ccc(OC3OC(C(=O)O)C(O)C(O)C3O)cc2)sc2cc(O)ccc12,O=C(c1ccc(OCCN2CCCCC2)cc1)c1c(-c2ccc(O)cc2)sc2cc(OC3OC(C(=O)O)C(O)C(O)C3O)ccc12","O=C(c1ccc(OCCN2CCCCC2)cc1)c1c(-c2ccc(O)cc2)sc2cc(O)ccc12,O=C(c1ccc(OCCN2CCCCC2)cc1)c1c(-c2ccc(O)cc2)sc2cc(OC3OC(C(=O)O)C(O)C(O)C3O)ccc12,O=C(c1ccc(OCCN2CCCCC2)cc1)c1c(-c2ccc(OC3OC(C(=O)O)C(O)C(O)C3O)cc2)sc2cc(O)ccc12,O=C(c1ccc(OCCO)cc1)c1c(-c2ccc(O)cc2)sc2cc(O)ccc12,C1CCNCC1,O=C(c1ccc(OCCN2CCCCC2)cc1)c1c(-c2ccc(O)cc2)sc2cc(OS(=O)(=O)O)ccc12,O=C(c1ccc(OCCN2CCCCC2)cc1)c1c(-c2ccc(OS(=O)(=O)O)cc2)sc2cc(O)ccc12,O=C(c1ccc(OCCN2CCCC(O)C2)cc1)c1c(-c2ccc(O)cc2)sc2cc(O)ccc12,O=C(c1ccc(OCCN2CCC(O)CC2)cc1)c1c(-c2ccc(O)cc2)sc2cc(O)ccc12,OCCN1CCCCC1,O=C(c1ccc(O)cc1)c1c(-c2ccc(O)cc2)sc2cc(O)ccc12,O=C(c1ccc(OCC[N+]2([O-])CCCCC2)cc1)c1c(-c2ccc(O)cc2)sc2cc(O)ccc12"
COc1ccc(S(=O)(=O)N2Cc3[nH]c4ccccc4c3CC2C(N)=O)cc1,"COc1ccc(S(=O)(=O)N2Cc3[nH]c4ccccc4c3C=C2C(N)=O)cc1,NC(=O)C1Cc2c([nH]c3ccccc23)CN1S(=O)(=O)c1ccc(O)cc1,COc1ccc(S(=O)(=O)N2Cc3[nH]c4ccccc4c3CC2C(N)=O)cc1O","COc1ccc(S(=O)(=O)N2Cc3[nH]c4ccccc4c3CC2C(N)=O)cc1,COc1ccc(S(=O)(=O)N2Cc3[nH]c4ccccc4c3CC2C(=O)O)cc1,NC(=O)C1Cc2c([nH]c3ccccc23)CN1S(=O)(=O)c1ccc(O)cc1,COc1ccc(S(=O)(=O)N2Cc3[nH]c4ccc(O)cc4c3CC2C(N)=O)cc1,COc1ccc(S(=O)(=O)N2Cc3[nH]c4ccccc4c3C(O)C2C(N)=O)cc1,NC(=O)C1Cc2c([nH]c3ccccc23)CN1S(=O)(=O)c1ccc(OC2OC(C(=O)O)C(O)C(O)C2O)cc1,COc1ccc(S(=O)(=O)N2Cc3[nH]c4cc(O)ccc4c3CC2C(N)=O)cc1,COc1ccc(S(=O)(=O)N2C(C(N)=O)Cc3c([nH]c4ccccc34)C2O)cc1,COc1ccc(S(=O)(=O)N2Cc3[nH]c4ccccc4c3CC2C(=O)OC2OC(C(=O)O)C(O)C(O)C2O)cc1,COc1ccc(S(=O)(=O)N2Cc3[nH]c4ccc(OC5OC(C(=O)O)C(O)C(O)C5O)cc4c3CC2C(N)=O)cc1,NC(=O)C1Cc2c([nH]c3ccccc23)CN1S(=O)(=O)c1ccc(OS(=O)(=O)O)cc1,COc1ccc(S(=O)(=O)N2Cc3[nH]c4ccccc4c3CC2C(N)=O)cc1O"
CNCc1cc(-c2ccccc2F)n(S(=O)(=O)c2cccnc2)c1,"O=C(O)c1cc(-c2ccccc2F)n(S(=O)(=O)c2cccnc2)c1,C[N+]([O-])=Cc1cc(-c2ccccc2F)n(S(=O)(=O)c2cccnc2)c1,NCc1cc(-c2ccccc2F)n(S(=O)(=O)c2cccnc2)c1","CNCc1cc(-c2ccccc2F)n(S(=O)(=O)c2cccnc2)c1,NCc1cc(-c2ccccc2F)n(S(=O)(=O)c2cccnc2)c1,CC(=O)NCc1cc(-c2ccccc2F)n(S(=O)(=O)c2cccnc2)c1,O=S(=O)(c1cccnc1)n1cc(CO)cc1-c1ccccc1F,CNCc1cc(-c2ccc(O)cc2F)n(S(=O)(=O)c2cccnc2)c1,CNCc1cc(-c2ccccc2F)n(S(=O)(=O)c2ccc[n+]([O-])c2)c1,CC(=O)N(C)Cc1cc(-c2ccccc2F)n(S(=O)(=O)c2cccnc2)c1,CNCc1cc(-c2cccc(O)c2F)n(S(=O)(=O)c2cccnc2)c1,CNCc1cc(-c2cc(O)ccc2F)n(S(=O)(=O)c2cccnc2)c1,CNCc1cc(-c2ccc(OC3OC(C(=O)O)C(O)C(O)C3O)cc2F)n(S(=O)(=O)c2cccnc2)c1,CNCc1cc(-c2ccccc2F)n(S(=O)(=O)c2ccc[n+](C3OC(C(=O)O)C(O)C(O)C3O)c2)c1,O=C(O)C1OC(OCc2cc(-c3ccccc3F)n(S(=O)(=O)c3cccnc3)c2)C(O)C(O)C1O"
Cc1ccc(S(=O)(=O)Nc2ccc(C(=O)/C=C/c3ccc(O)cc3)cc2)cc1,"O=C(C=Cc1ccc(O)cc1)c1ccc(NS(=O)(=O)c2ccc(CO)cc2)cc1,Cc1ccc(S(=O)(=O)Nc2ccc(C(=O)C=Cc3ccc(O)c(O)c3)cc2)cc1","Cc1ccc(S(=O)(=O)Nc2ccc(C(=O)C=Cc3ccc(O)cc3)cc2)cc1,Cc1ccc(S(=O)(=O)Nc2ccc(C(=O)C=Cc3ccc(OC4OC(C(=O)O)C(O)C(O)C4O)cc3)cc2)cc1,Cc1ccc(S(=O)(=O)Nc2ccc(C(=O)CCc3ccc(O)cc3)cc2)cc1,O=C(C=Cc1ccc(O)cc1)c1ccc(NS(=O)(=O)c2ccc(CO)cc2)cc1,Cc1ccc(S(=O)(=O)Nc2ccc(C(=O)C=Cc3ccc(OS(=O)(=O)O)cc3)cc2)cc1,COc1ccc(C=CC(=O)c2ccc(NS(=O)(=O)c3ccc(C)cc3)cc2)cc1,O=C(O)c1ccc(S(=O)(=O)Nc2ccc(C(=O)C=Cc3ccc(O)cc3)cc2)cc1,Cc1ccc(S(=O)(=O)Nc2ccc(C(=O)CCc3ccc(OC4OC(C(=O)O)C(O)C(O)C4O)cc3)cc2)cc1,O=C(C=Cc1ccc(OC2OC(C(=O)O)C(O)C(O)C2O)cc1)c1ccc(NS(=O)(=O)c2ccc(CO)cc2)cc1,Cc1ccc(S(=O)(=O)Nc2ccc(C(=O)C=Cc3ccc(O)c(O)c3)cc2)cc1,Cc1ccc(S(=O)(=O)Nc2ccc(C(=O)C=Cc3ccc(O)cc3)cc2O)cc1,Cc1ccc(S(=O)(=O)N(c2ccc(C(=O)C=Cc3ccc(O)cc3)cc2)C2OC(C(=O)O)C(O)C(O)C2O)cc1"
CN1C(=O)C(O)N=C(c2ccccc2)c2cc(Cl)ccc21,"O=C(O)C1OC(OC2N=C(c3ccccc3)c3cc(Cl)ccc3N=C2O)C(O)C(O)C1O,O=C1Nc2ccc(Cl)cc2C(c2ccccc2)=NC1O","CN1C(=O)C(O)N=C(c2ccccc2)c2cc(Cl)ccc21,O=C1Nc2ccc(Cl)cc2C(c2ccccc2)=NC1O,CN1C(=O)C(OC2OC(C(=O)O)C(O)C(O)C2O)N=C(c2ccccc2)c2cc(Cl)ccc21,CNc1ccc(Cl)cc1C(=NC(O)C(=O)O)c1ccccc1,CN1C(=O)C(O)N=C(c2ccc(O)cc2)c2cc(Cl)ccc21,CN1C(=O)C(O)N=C(c2ccccc2)c2cc(Cl)c(O)cc21,CN1C(=O)C(O)N=C(c2ccccc2)c2cc(O)ccc21,O=C1Nc2ccc(Cl)cc2C(c2ccccc2)=NC1OC1OC(C(=O)O)C(O)C(O)C1O,CN1C(=O)C(O)[N+]([O-])=C(c2ccccc2)c2cc(Cl)ccc21,CN1C(=O)C(O)N=C(c2ccccc2)c2cc(Cl)cc(O)c21,CN(C(=O)C(N)O)c1ccc(Cl)cc1C(=O)c1ccccc1,COc1cc(C2=NC(O)C(=O)N(C)c3ccc(Cl)cc32)ccc1O"
COc1cc2nc(N3CCN(C(=O)C4CCCO4)CC3)nc(N)c2cc1OC,"COc1cc2nc(N3CCNCC3)nc(N)c2cc1OC,COc1cc2c(N)nc(N3CCN(C(=O)C4CCCO4)CC3)nc2cc1O,COc1cc2nc(N3CCN(C(=O)C4CCCO4)CC3)nc(N)c2cc1O","COc1cc2nc(N3CCN(C(=O)C4CCCO4)CC3)nc(N)c2cc1OC,COc1cc2nc(N3CCN(C(=O)C4CCCO4)CC3)nc(N)c2cc1O,COc1cc2c(N)nc(N3CCN(C(=O)C4CCCO4)CC3)nc2cc1O,COc1cc2nc(N3CCN(C(=O)C4CCCO4)CC3)nc(NC(C)=O)c2cc1OC,COc1cc2nc(N3CCN(C(=O)C4CC(O)CO4)CC3)nc(N)c2cc1OC,COc1cc2nc(N3CCNCC3)nc(N)c2cc1OC,O=C(O)C1CCCO1,COc1cc2nc(N3CCN(C(=O)C(O)CCCO)CC3)nc(N)c2cc1OC,COc1cc2c(NC(C)=O)nc(N3CCN(C(=O)C4CCCO4)CC3)nc2cc1O,COc1cc2nc(N3CCN(C(=O)C4CCCO4)CC3)nc(NC(C)=O)c2cc1O,COc1cc2c(N)nc(N3CCN(C(=O)C4CCCO4)CC3)nc2cc1OC1OC(C(=O)O)C(O)C(O)C1O,COc1cc2nc(N3CCN(C(=O)C4CCCO4)CC3)nc(N)c2cc1OC1OC(C(=O)O)C(O)C(O)C1O"
CC1(C)O[C@@H]2CO[C@@]3(COS(N)(=O)=O)OC(C)(C)O[C@H]3[C@@H]2O1,"CC1(C)OC2C(O)C(O)COC2(COS(N)(=O)=O)O1,CC1(C)OC2COC(O)(COS(N)(=O)=O)C(O)C2O1,CC1(C)OC2C3OC(C)(CO)OC3COC2(COS(N)(=O)=O)O1","CC1(C)OC2COC3(COS(N)(=O)=O)OC(C)(C)OC3C2O1,CC(C)(O)OC1C2OC(C)(C)OC2COC1(O)COS(N)(=O)=O,CC(=O)NS(=O)(=O)OCC12OCC3OC(C)(C)OC3C1OC(C)(C)O2,CC1(C)OC2C3OC(C)(CO)OC3COC2(COS(N)(=O)=O)O1,CC1(C)OC2COC3(COS(N)(=O)=O)OC(C)(CO)OC3C2O1,CC(=O)NS(=O)(=O)OCC1(O)OCC2OC(C)(C)OC2C1OC(C)(C)O,CC1(C)OC2COC3(COS(N)(=O)=O)OC(C)(COP(=O)(O)O)OC3C2O1,CC1(C)OC2C3OC(C)(COP(=O)(O)O)OC3COC2(COS(N)(=O)=O)O1,CC(C)(O)OC1C2OC(C)(C)OC2COC1(COS(N)(=O)=O)OC1OC(C(=O)O)C(O)C(O)C1O,CC1(C)OC2COC(O)(COS(N)(=O)=O)C(OC(C)(C)OC3OC(C(=O)O)C(O)C(O)C3O)C2O1,CC1(C)OC2COC3(COS(N)(=O)=O)OC(C)(C(=O)O)OC3C2O1,CC1(C)OC2C3OC(C)(C(=O)O)OC3COC2(COS(N)(=O)=O)O1"
CC(C)OC(=O)CCC/C=C\C[C@H]1[C@@H](O)C[C@@H](O)[C@@H]1/C=C/[C@@H](O)COc1cccc(C(F)(F)F)c1,O=C(O)CCCC=CCC1C(O)CC(O)C1C=CC(O)COc1cccc(C(F)(F)F)c1,"CC(C)OC(=O)CCCC=CCC1C(O)CC(O)C1C=CC(O)COc1cccc(C(F)(F)F)c1,O=C(O)CCCC=CCC1C(O)CC(O)C1C=CC(O)COc1cccc(C(F)(F)F)c1,CC(C)OC(=O)CCCC=CCC1C(=O)CC(O)C1C=CC(O)COc1cccc(C(F)(F)F)c1,CC(C)OC(=O)CCCC=CCC1C(O)CC(O)C1C=CC(=O)COc1cccc(C(F)(F)F)c1,CC(C)OC(=O)CCCC=CCC1C(O)CC(OC2OC(C(=O)O)C(O)C(O)C2O)C1C=CC(O)COc1cccc(C(F)(F)F)c1,CC(C)OC(=O)CCCC=CCC1C(O)CC(O)C1C=CC(COc1cccc(C(F)(F)F)c1)OC1OC(C(=O)O)C(O)C(O)C1O,CC(C)OC(=O)CCCC=CCC1C(O)CC(=O)C1C=CC(O)COc1cccc(C(F)(F)F)c1,CC(C)OC(=O)CCCC=CCC1C(OC2OC(C(=O)O)C(O)C(O)C2O)CC(O)C1C=CC(O)COc1cccc(C(F)(F)F)c1,CC(C)(O)OC(=O)CCCC=CCC1C(O)CC(O)C1C=CC(O)COc1cccc(C(F)(F)F)c1,CC(C)OC(=O)CCCC=CCC1C(O)CC(O)C1C=CC(O)CO,Oc1cccc(C(F)(F)F)c1,CC(C)OC(=O)CCCC=CCC1C(O)CC(O)C1CCC(O)COc1cccc(C(F)(F)F)c1"
CNCC[C@@H](Oc1ccccc1C)c1ccccc1,"CNCCC(Oc1ccccc1CO)c1ccccc1,CNCCC(Oc1ccc(O)cc1C)c1ccccc1,Cc1ccccc1OC(CCN)c1ccccc1","CNCCC(Oc1ccccc1C)c1ccccc1,Cc1ccccc1OC(CCN)c1ccccc1,CNCCC(Oc1ccccc1CO)c1ccccc1,CNCCC(O)c1ccccc1,Cc1ccccc1O,CC(=O)NCCC(Oc1ccccc1C)c1ccccc1,Cc1ccccc1OC(CCO)c1ccccc1,CNCCC(Oc1cc(O)ccc1C)c1ccccc1,CNCCC(Oc1ccccc1C)c1ccc(O)cc1,CNCCC(Oc1ccc(O)cc1C)c1ccccc1,CNCCC(Oc1ccccc1C(=O)O)c1ccccc1,CNCCC(Oc1c(C)cccc1O)c1ccccc1"
CNC(=O)c1ccccc1Sc1ccc2c(/C=C/c3ccccn3)n[nH]c2c1,"CNC(=O)c1ccccc1Sc1ccc2c(C3OC3c3ccccn3)n[nH]c2c1,CNC(=O)c1ccccc1Sc1ccc2c(C=Cc3cccc[n+]3[O-])n[nH]c2c1,O=C(NCO)c1ccccc1Sc1ccc2c(C=Cc3ccccn3)n[nH]c2c1,CNC(=O)c1ccccc1S(=O)c1ccc2c(C=Cc3ccccn3)n[nH]c2c1","CNC(=O)c1ccccc1Sc1ccc2c(C=Cc3ccccn3)n[nH]c2c1,CNC(=O)c1ccccc1S(=O)c1ccc2c(C=Cc3ccccn3)n[nH]c2c1,NC(=O)c1ccccc1Sc1ccc2c(C=Cc3ccccn3)n[nH]c2c1,CNC(=O)c1ccccc1Sc1cc2[nH]nc(C=Cc3ccccn3)c2cc1O,O=C(O)c1ccccc1Sc1ccc2c(C=Cc3ccccn3)n[nH]c2c1,CNC(=O)c1ccc(O)cc1Sc1ccc2c(C=Cc3ccccn3)n[nH]c2c1,CNC(=O)c1ccccc1Sc1ccc2c(C=Cc3ccc(O)cn3)n[nH]c2c1,CNC(=O)c1ccccc1Sc1cc2[nH]nc(C=Cc3ccccn3)c2cc1OC1OC(C(=O)O)C(O)C(O)C1O,CNC(=O)c1ccccc1Sc1ccc2c(C=Cc3cccc[n+]3[O-])n[nH]c2c1,CNC(=O)c1ccccc1Sc1ccc2c(C=Cc3ccccn3)n[nH]c2c1O,O=C(OC1OC(C(=O)O)C(O)C(O)C1O)c1ccccc1Sc1ccc2c(C=Cc3ccccn3)n[nH]c2c1,CNC(=O)c1ccccc1Sc1ccc2c(C=Cc3ccccn3)nn(C3OC(C(=O)O)C(O)C(O)C3O)c2c1"
CCC1Oc2ccccc2C1C(=O)c1cc(Br)c(O)c(Br)c1,"CCC1Oc2ccccc2C1C(=O)c1cc(O)c(O)c(Br)c1,Oc1cc(Br)c(O)c(Br)c1,CCC1Oc2cc(O)ccc2C1C(=O)c1cc(Br)c(O)c(Br)c1","CCC1Oc2ccccc2C1C(=O)c1cc(Br)c(O)c(Br)c1,CCC1Oc2ccccc2C1C(O)c1cc(Br)c(O)c(Br)c1,CCC1Oc2ccccc2C1C(=O)c1cc(Br)c(OC2OC(C(=O)O)C(O)C(O)C2O)c(Br)c1,CCC1Oc2ccccc2C1C(=O)c1cc(Br)c(OS(=O)(=O)O)c(Br)c1,CC(O)C1Oc2ccccc2C1C(=O)c1cc(Br)c(O)c(Br)c1,CCC(O)C(C(=O)c1cc(Br)c(O)c(Br)c1)c1ccccc1O,CCC1Oc2ccccc2C1C(O)c1cc(Br)c(OC2OC(C(=O)O)C(O)C(O)C2O)c(Br)c1,O=C(c1cc(Br)c(O)c(Br)c1)C1c2ccccc2OC1CCO,CCC1Oc2cc(O)ccc2C1C(=O)c1cc(Br)c(O)c(Br)c1,CCC1Oc2ccc(O)cc2C1C(=O)c1cc(Br)c(O)c(Br)c1,CCC1Oc2ccccc2C1C(=O)c1cc(Br)c(OC)c(Br)c1,CCC1Oc2ccccc2C1C(O)c1cc(Br)c(OS(=O)(=O)O)c(Br)c1"
C[C@H](NC(C)(C)C)C(=O)c1cccc(Cl)c1,"CC1NC(C)(C)COC1(O)c1cccc(Cl)c1,CC(NC(C)(C)CO)C(=O)c1cccc(Cl)c1,CC(C)(C)NC(CO)C(=O)c1cccc(Cl)c1,CC(NC(C)(C)C)C(=O)c1cc(O)cc(Cl)c1,CC(NC(C)(C)C)C(=O)c1ccc(O)c(Cl)c1","CC(NC(C)(C)C)C(=O)c1cccc(Cl)c1,CC(NC(C)(C)C)C(O)c1cccc(Cl)c1,CC(NC(C)(C)CO)C(=O)c1cccc(Cl)c1,CC(NC(C)(C)C)C(=O)c1ccc(O)c(Cl)c1,CC(NC(C)(C)C)C(OC1OC(C(=O)O)C(O)C(O)C1O)c1cccc(Cl)c1,CC(NC(C)(C)C)C(=O)c1cc(O)cc(Cl)c1,CC(NC(C)(C)C)C(=O)c1ccc(OC2OC(C(=O)O)C(O)C(O)C2O)c(Cl)c1,CC(NC(C)(C)C(=O)O)C(=O)c1cccc(Cl)c1,CC(C)(C)NC(C)(O)C(=O)c1cccc(Cl)c1,CC(NC(C)(C)C)C(=O)c1ccc(OS(=O)(=O)O)c(Cl)c1,CC(NC(C)(C)COC1OC(C(=O)O)C(O)C(O)C1O)C(=O)c1cccc(Cl)c1,CC(NC(C)(C)C)C(OS(=O)(=O)O)c1cccc(Cl)c1"
COc1c(-c2ccc3cc(NS(C)(=O)=O)ccc3c2)cc(-n2ccc(=O)[nH]c2=O)cc1C(C)(C)C,COc1c(-c2ccc3cc(NS(C)(=O)=O)ccc3c2)cc(-n2ccc(=O)[nH]c2=O)cc1C(C)(C)CO,"COc1c(-c2ccc3cc(NS(C)(=O)=O)ccc3c2)cc(-n2ccc(=O)[nH]c2=O)cc1C(C)(C)C,CC(C)(C)c1cc(-n2ccc(=O)[nH]c2=O)cc(-c2ccc3cc(NS(C)(=O)=O)ccc3c2)c1O,COc1c(-c2ccc3cc(NS(C)(=O)=O)ccc3c2)cc(N2CCC(=O)NC2=O)cc1C(C)(C)C,CC(C)(C)c1cc(-n2ccc(=O)[nH]c2=O)cc(-c2ccc3cc(NS(C)(=O)=O)ccc3c2)c1OC1OC(C(=O)O)C(O)C(O)C1O,COc1c(-c2cc3ccc(NS(C)(=O)=O)cc3cc2O)cc(-n2ccc(=O)[nH]c2=O)cc1C(C)(C)C,COc1c(-c2ccc3cc(NS(C)(=O)=O)ccc3c2)cc(-n2ccc(=O)[nH]c2=O)cc1C(C)(C)CO,COc1c(C(C)(C)C)cc(-n2ccc(=O)[nH]c2=O)c(O)c1-c1ccc2cc(NS(C)(=O)=O)ccc2c1,COc1c(-c2ccc3cc(NS(C)(=O)=O)ccc3c2)cc(-n2ccc(=O)[nH]c2=O)c(O)c1C(C)(C)C,COc1c(-c2ccc3cc(NS(C)(=O)=O)c(O)cc3c2)cc(-n2ccc(=O)[nH]c2=O)cc1C(C)(C)C,COc1c(-c2ccc3cc(NS(C)(=O)=O)ccc3c2)cc(-n2cc(O)c(=O)[nH]c2=O)cc1C(C)(C)C,CC(C)(C)c1cc(-n2ccc(=O)[nH]c2=O)cc(-c2ccc3cc(NS(C)(=O)=O)ccc3c2)c1OS(=O)(=O)O,COc1c(-c2ccc3cc(N(C4OC(C(=O)O)C(O)C(O)C4O)S(C)(=O)=O)ccc3c2)cc(-n2ccc(=O)[nH]c2=O)cc1C(C)(C)C"
CN1c2ccccc2C(=O)N2CCc3c([nH]c4ccccc34)C21,"CN1c2ccccc2C(=O)N2CC(O)c3c([nH]c4ccccc34)C21,CN1c2ccccc2C(=O)N2CCc3c([nH]c4ccc(O)cc34)C21","CN1c2ccccc2C(=O)N2CCc3c([nH]c4ccccc34)C21,O=C1c2ccccc2NC2c3[nH]c4ccccc4c3CCN12,CN1c2ccc(O)cc2C(=O)N2CCc3c([nH]c4ccccc34)C21,CN1c2ccccc2C(=O)N2CCc3c([nH]c4ccc(O)cc34)C21,CN(c1ccccc1C(=O)O)C1NCCc2c1[nH]c1ccccc21,CN1c2ccccc2C(=O)N2CC(O)c3c([nH]c4ccccc34)C21,CN1c2ccccc2C(=O)N2CCc3c([nH]c4cc(O)ccc34)C21,CN1c2cc(O)ccc2C(=O)N2CCc3c([nH]c4ccccc34)C21,CN1c2ccccc2C(=O)N2C(=O)Cc3c([nH]c4ccccc34)C21,CN1c2ccccc2C(=O)N2C(O)Cc3c([nH]c4ccccc34)C12,CN1c2ccccc2C(=O)N2C=Cc3c([nH]c4ccccc34)C21,CN1c2ccccc2C(=O)N2CCc3c([nH]c4ccc(OC5OC(C(=O)O)C(O)C(O)C5O)cc34)C21"
O=P1(NCCCl)OCCCN1CCCl,"O=CCCl,NP1(=O)OCCCN1CCCl,O=P1(NCCCl)OCCC(O)N1CCCl,O=P1(NCCCl)NCCCO1","O=P1(NCCCl)OCCCN1CCCl,O=P(O)(NCCCl)OCCCNCCCl,O=P1(O)OCCCN1CCCl,O=P(O)(NCCCl)N(CCCl)CCCO,NCCCl,O=P1(NCCO)OCCCN1CCCl,O=P1(NCCCl)OCCCN1CCO,OCCCl,O=P1(NCCCl)NCCCO1,O=P1(NCCCl)OCC(O)CN1CCCl,NP1(=O)OCCCN1CCCl,O=C1CCOP(=O)(NCCCl)N1CCCl"
CN(C)CCCN1c2ccccc2CCc2ccccc21,"CN(C)CCCN1c2ccccc2CCc2cc(O)ccc21,C[N+](C)([O-])CCCN1c2ccccc2CCc2ccccc21,CNCCCN1c2ccccc2CCc2ccccc21,NCCCN1c2ccccc2CCc2ccccc21,c1ccc2c(c1)CCc1ccccc1N2","CN(C)CCCN1c2ccccc2CCc2ccccc21,CNCCCN1c2ccccc2CCc2ccccc21,C[N+](C)([O-])CCCN1c2ccccc2CCc2ccccc21,CN(C)CCCN1c2ccccc2CCc2cc(O)ccc21,c1ccc2c(c1)CCc1ccccc1N2,CN(C)CCCO,OCCCN1c2ccccc2CCc2ccccc21,C[N+](C)(CCCN1c2ccccc2CCc2ccccc21)C1OC(C(=O)O)C(O)C(O)C1O,CN(C)CCCN1c2ccccc2CC(O)c2ccccc21,CN(C)CCCN1c2ccccc2CCc2ccc(O)cc21,CN(C)CCCN1c2ccccc2C=Cc2ccccc21,CN(C)CCCN1c2ccccc2CCc2cc(OC3OC(C(=O)O)C(O)C(O)C3O)ccc21"
CS(=O)(=O)CCNCc1ccc(-c2ccc3ncnc(Nc4ccc(OCc5cccc(F)c5)c(Cl)c4)c3c2)o1,"CS(=O)(=O)CCN(O)Cc1ccc(-c2ccc3ncnc(Nc4ccc(OCc5cccc(F)c5)c(Cl)c4)c3c2)o1,CS(=O)(=O)CCNCc1ccc(-c2ccc3ncnc(Nc4ccc(O)c(Cl)c4)c3c2)o1,NCc1ccc(-c2ccc3ncnc(Nc4ccc(OCc5cccc(F)c5)c(Cl)c4)c3c2)o1","CS(=O)(=O)CCNCc1ccc(-c2ccc3ncnc(Nc4ccc(OCc5cccc(F)c5)c(Cl)c4)c3c2)o1,CS(=O)(=O)CCNCc1ccc(-c2ccc3ncnc(Nc4ccc(O)c(Cl)c4)c3c2)o1,OCc1cccc(F)c1,OCc1ccc(-c2ccc3ncnc(Nc4ccc(OCc5cccc(F)c5)c(Cl)c4)c3c2)o1,CS(=O)(=O)CCN,NCc1ccc(-c2ccc3ncnc(Nc4ccc(OCc5cccc(F)c5)c(Cl)c4)c3c2)o1,CS(=O)(=O)CCNCc1ccc(-c2ccc3nc(O)nc(Nc4ccc(OCc5cccc(F)c5)c(Cl)c4)c3c2)o1,CS(=O)(=O)CCNCc1ccc(-c2cc3c(Nc4ccc(OCc5cccc(F)c5)c(Cl)c4)ncnc3cc2O)o1,CS(=O)(=O)CCNCc1ccc(-c2ccc3ncnc(Nc4ccc(OCc5ccc(O)c(F)c5)c(Cl)c4)c3c2)o1,CS(=O)(=O)CCNCc1ccc(-c2ccc3c(c2)c(Nc2ccc(OCc4cccc(F)c4)c(Cl)c2)nc[n+]3[O-])o1,CS(=O)(=O)CCNCc1ccc(-c2ccc3nc[n+]([O-])c(Nc4ccc(OCc5cccc(F)c5)c(Cl)c4)c3c2)o1,CS(=O)(=O)CCNCc1ccc(-c2ccc3ncnc(Nc4cc(O)c(OCc5cccc(F)c5)c(Cl)c4)c3c2)o1"
COc1cc2nccc(Oc3ccc(NC(=O)NC4CC4)c(Cl)c3)c2cc1C(N)=O,"NC(=O)c1cc2c(Oc3ccc(NC(=O)NC4CC4)c(Cl)c3)ccnc2cc1O,COc1cc2c(cc1C(N)=O)c(Oc1ccc(NC(=O)NC3CC3)c(Cl)c1)cc[n+]2[O-]","COc1cc2nccc(Oc3ccc(NC(=O)NC4CC4)c(Cl)c3)c2cc1C(N)=O,COc1cc2nccc(Oc3ccc(NC(=O)NC4CC4)c(Cl)c3)c2cc1C(=O)O,NC(=O)c1cc2c(Oc3ccc(NC(=O)NC4CC4)c(Cl)c3)ccnc2cc1O,COc1cc2nccc(Oc3ccc(NC(=O)NC4CC4)c(Cl)c3)c2cc1C(=O)OC1OC(C(=O)O)C(O)C(O)C1O,NC(=O)c1cc2c(Oc3ccc(NC(=O)NC4CC4)c(Cl)c3)ccnc2cc1OC1OC(C(=O)O)C(O)C(O)C1O,COc1cc2ncc(O)c(Oc3ccc(NC(=O)NC4CC4)c(Cl)c3)c2cc1C(N)=O,COc1cc2nc(O)cc(Oc3ccc(NC(=O)NC4CC4)c(Cl)c3)c2cc1C(N)=O,COc1cc2nccc(Oc3ccc(NC(=O)O)c(Cl)c3)c2cc1C(N)=O,COc1cc2nccc(Oc3ccc([NH])c(Cl)c3)c2cc1C(N)=O,O=C(O)NC1CC1,COc1cc2c(cc1C(N)=O)c(Oc1ccc(NC(=O)NC3CC3)c(Cl)c1)cc[n+]2[O-],NC(=O)c1cc2c(Oc3ccc(NC(=O)NC4CC4)c(Cl)c3)ccnc2cc1OS(=O)(=O)O"
CCN(CC)CCNC(=O)c1cc(Cl)c(N)cc1OC,"CCNCCNC(=O)c1cc(Cl)c(N)cc1OC,CCN(CC)CCNC(=O)c1cc(Cl)c([N+](=O)[O-])cc1OC","CCN(CC)CCNC(=O)c1cc(Cl)c(N)cc1OC,CCN(CC)CCNC(=O)c1cc(Cl)c(N)cc1O,CCN(CC)CCNC(=O)c1cc(Cl)c(NC(C)=O)cc1OC,CCNCC,CCNCCNC(=O)c1cc(Cl)c(N)cc1OC,COc1cc(N)c(Cl)cc1C(=O)NCCO,COc1cc(N)c(Cl)cc1C(=O)O,CCN(CC)CCN,CCN(CC)CCO,COc1cc(N)c(Cl)cc1C(N)=O,CCN(CC)CCNC(=O)c1cc(Cl)c(NC(C)=O)cc1O,CCN(CC)CCNC(=O)c1cc(Cl)c(N)cc1OC1OC(C(=O)O)C(O)C(O)C1O"
CC(C)(O)c1ccccc1CC[C@@H](SCC1(CC(=O)O)CC1)c1cccc(/C=C/c2ccc3ccc(Cl)cc3n2)c1,"CC(O)(CO)c1ccccc1CCC(SCC1(CC(=O)O)CC1)c1cccc(C=Cc2ccc3ccc(Cl)cc3n2)c1,CC(C)(O)c1ccccc1CCC(c1cccc(C=Cc2ccc3ccc(Cl)cc3n2)c1)S(=O)CC1(CC(=O)O)CC1,CC(C)(O)c1ccccc1CCC(c1cccc(C=Cc2ccc3ccc(Cl)cc3n2)c1)[S+]([O-])CC1(CC(=O)O)CC1,CC(C)(O)c1ccccc1C(O)CC(SCC1(CC(=O)O)CC1)c1cccc(C=Cc2ccc3ccc(Cl)cc3n2)c1,CC(C)(O)c1ccccc1CCC(SCC1(CC(=O)OC2OC(C(=O)O)C(O)C(O)C2O)CC1)c1cccc(C=Cc2ccc3ccc(Cl)cc3n2)c1","CC(C)(O)c1ccccc1CCC(SCC1(CC(=O)O)CC1)c1cccc(C=Cc2ccc3ccc(Cl)cc3n2)c1,CC(C)(O)c1ccccc1CCC(c1cccc(C=Cc2ccc3ccc(Cl)cc3n2)c1)S(=O)CC1(CC(=O)O)CC1,CC(C)(O)c1ccccc1CCC(SCC1(CC(=O)OC2OC(C(=O)O)C(O)C(O)C2O)CC1)c1cccc(C=Cc2ccc3ccc(Cl)cc3n2)c1,CC(C)(O)c1ccccc1CCC(SCC1(CC(=O)O)CC1)c1cccc(C=Cc2ccc3cc(O)c(Cl)cc3n2)c1,CC(C)(OC1OC(C(=O)O)C(O)C(O)C1O)c1ccccc1CCC(SCC1(CC(=O)O)CC1)c1cccc(C=Cc2ccc3ccc(Cl)cc3n2)c1,CC(C)(O)c1ccccc1C(O)CC(SCC1(CC(=O)O)CC1)c1cccc(C=Cc2ccc3ccc(Cl)cc3n2)c1,CC(O)(CO)c1ccccc1CCC(SCC1(CC(=O)O)CC1)c1cccc(C=Cc2ccc3ccc(Cl)cc3n2)c1,CC(C)(O)c1ccccc1CCC(SCC1(CC(=O)O)CC1)c1ccc(O)c(C=Cc2ccc3ccc(Cl)cc3n2)c1,CC(C)(O)c1ccc(O)cc1CCC(SCC1(CC(=O)O)CC1)c1cccc(C=Cc2ccc3ccc(Cl)cc3n2)c1,CC(C)(O)c1ccccc1CCC(SCC1(CC(=O)O)CC1)c1cc(C=Cc2ccc3ccc(Cl)cc3n2)ccc1O,CC(C)(O)c1cc(O)ccc1CCC(SCC1(CC(=O)O)CC1)c1cccc(C=Cc2ccc3ccc(Cl)cc3n2)c1,CC(C)(O)c1ccccc1CCC(SCC1(CC(=O)O)CC1)c1cccc(C=Cc2nc3cc(Cl)ccc3cc2O)c1"
Cc1cc2c(s1)Nc1ccccc1N=C2N1CCN(C)CC1,"Cc1cc2c(s1)Nc1ccccc1N=C2N1CC[N+](C)([O-])CC1,Cc1cc2c(s1)N(C1OC(C(=O)O)C(O)C(O)C1O)c1ccccc1N=C2N1CCN(C)CC1,Cc1cc2c(s1)Nc1ccccc1N=C2N1CCNCC1,Cc1cc2c(s1)Nc1ccc(O)cc1N=C2N1CCN(C)CC1,CN1CCN(C2=Nc3ccccc3Nc3sc(CO)cc32)CC1","Cc1cc2c(s1)Nc1ccccc1N=C2N1CCN(C)CC1,Cc1cc2c(s1)Nc1ccccc1N=C2N1CCNCC1,Cc1cc2c(s1)Nc1ccccc1N=C2N1CC[N+](C)([O-])CC1,CN1CCN(C2=Nc3ccccc3Nc3sc(CO)cc32)CC1,Cc1cc2c(s1)Nc1cc(O)ccc1N=C2N1CCN(C)CC1,Cc1cc2c(s1)Nc1ccc(O)cc1N=C2N1CCN(C)CC1,CN1CCNCC1,Cc1cc2c(s1)Nc1ccccc1NC2=O,CN1CCN(C2=Nc3ccccc3Nc3sc(C(=O)O)cc32)CC1,Cc1cc2c(s1)Nc1ccccc1N=C2N1CCN(C)C(=O)C1,Cc1cc2c(s1)Nc1ccccc1N=C2N1CCN(C)CC1=O,Cc1cc2c(s1)Nc1ccccc1N=C2N1CCN(C)C(O)C1"
COc1ccc2ccc(=O)oc2c1CC=C(C)C,"C=C(C)C=Cc1c(OC)ccc2ccc(=O)oc12,COc1ccc2cc(O)c(=O)oc2c1CC=C(C)C,COc1ccc2ccc(=O)oc2c1CC=C(C)CO,CC(C)=CCc1c(O)ccc2ccc(=O)oc12","COc1ccc2ccc(=O)oc2c1CC=C(C)C,CC(C)=CCc1c(O)ccc2ccc(=O)oc12,COc1ccc2ccc(=O)oc2c1C(O)C=C(C)C,CC(C)=CCc1c(OC2OC(C(=O)O)C(O)C(O)C2O)ccc2ccc(=O)oc12,COc1cc(O)c2ccc(=O)oc2c1CC=C(C)C,COc1ccc2cc(O)c(=O)oc2c1CC=C(C)C,COc1c(O)cc2ccc(=O)oc2c1CC=C(C)C,COc1ccc2ccc(=O)oc2c1CC=C(C)CO,CC(C)=CCc1c(OS(=O)(=O)O)ccc2ccc(=O)oc12,COc1ccc2ccc(=O)oc2c1CC=C(C)C(=O)O,COc1ccc2cc(OC3OC(C(=O)O)C(O)C(O)C3O)c(=O)oc2c1CC=C(C)C,COc1cc(OC2OC(C(=O)O)C(O)C(O)C2O)c2ccc(=O)oc2c1CC=C(C)C"
C[C@H]1CNCCCN1S(=O)(=O)c1cccc2cncc(F)c12,"CC1C[N+]([O-])=CCCN1S(=O)(=O)c1cccc2cncc(F)c12,CC1CNC(=O)CCN1S(=O)(=O)c1cccc2cncc(F)c12","CC1CNCCCN1S(=O)(=O)c1cccc2cncc(F)c12,CC1CNCC(O)CN1S(=O)(=O)c1cccc2cncc(F)c12,CC1CNCCCN1S(=O)(=O)c1cc(O)cc2cncc(F)c12,CC1CNCCCN1S(=O)(=O)c1cccc2cnc(O)c(F)c12,CC1CNCCCN1S(=O)(=O)c1c(O)ccc2cncc(F)c12,CC1CNCCC(=O)N1S(=O)(=O)c1cccc2cncc(F)c12,CC1CNC(=O)CCN1S(=O)(=O)c1cccc2cncc(F)c12,CC1CNCCC(O)N1S(=O)(=O)c1cccc2cncc(F)c12,CC1CNC(O)CCN1S(=O)(=O)c1cccc2cncc(F)c12,CC1C(O)NCCCN1S(=O)(=O)c1cccc2cncc(F)c12,CC1CNCCCN1S(=O)(=O)c1cccc2c[n+]([O-])cc(F)c12,CC(=O)N1CCCN(S(=O)(=O)c2cccc3cncc(F)c23)C(C)C1"
Cc1ccc(-n2nccn2)c(C(=O)N2CCN(c3nc4cc(Cl)ccc4o3)CCC2C)c1,"Cc1ccc(-n2nccn2)c(C(=O)N2CCN(c3nc4cc(Cl)ccc4o3)CCC2CO)c1,Cc1ccc(-n2nccn2)c(C(=O)N2CCN(c3nc4cc(Cl)c(O)cc4o3)CCC2C)c1,CC1CCN(c2nc3cc(Cl)ccc3o2)CCN1C(=O)c1cc(CO)ccc1-n1nccn1","Cc1ccc(-n2nccn2)c(C(=O)N2CCN(c3nc4cc(Cl)ccc4o3)CCC2C)c1,CC1CCN(c2nc3cc(Cl)ccc3o2)CCN1C(=O)c1cc(CO)ccc1-n1nccn1,Cc1ccc(-n2nccn2)c(C(=O)N2CCN(c3nc4cc(Cl)c(O)cc4o3)CCC2C)c1,CC1CCN(c2nc3cc(Cl)ccc3o2)CCN1,Cc1ccc(-n2nccn2)c(C(=O)O)c1,Cc1cc(C(=O)N2CCN(c3nc4cc(Cl)ccc4o3)CCC2C)c(-n2nccn2)cc1O,CC1CCN(c2nc3cc(Cl)ccc3o2)CCN1C(=O)c1cc(C(=O)O)ccc1-n1nccn1,Cc1ccc(-n2nccn2)c(C(=O)N2CC(=O)N(c3nc4cc(Cl)ccc4o3)CCC2C)c1,Cc1ccc(-n2nccn2)c(C(=O)N2C(=O)CN(c3nc4cc(Cl)ccc4o3)CCC2C)c1,Cc1ccc(-n2nccn2)c(C(=O)N2CCN(c3nc4cc(Cl)ccc4o3)C(=O)CC2C)c1,Cc1ccc(-n2nccn2)c(C(=O)N2CC(O)N(c3nc4cc(Cl)ccc4o3)CCC2C)c1,Cc1ccc(-n2nccn2)c(C(=O)N2CCN(c3nc4cc(Cl)ccc4o3)C(O)CC2C)c1"
Cc1cc(N2CCN([C@H]3CN[C@H](C(=O)N4CCSC4)C3)CC2)n(-c2ccccc2)n1,"Cc1cc(N2CCN(C3CNC(C(=O)O)C3)CC2)n(-c2ccccc2)n1,Cc1cc(N2CCN(C3CNC(C(=O)N4CCS(=O)C4)C3)CC2)n(-c2ccccc2)n1,O=C(C1CC(N2CCN(c3cc(CO)nn3-c3ccccc3)CC2)CN1)N1CCSC1","Cc1cc(N2CCN(C3CNC(C(=O)N4CCSC4)C3)CC2)n(-c2ccccc2)n1,Cc1cc(N2CCN(C3CNC(C(=O)N4CCS(=O)C4)C3)CC2)n(-c2ccccc2)n1,O=C(C1CC(N2CCN(c3cc(CO)nn3-c3ccccc3)CC2)CN1)N1CCSC1,Cc1cc(N2CCN(C3CNC(C(=O)N4CCSC4)C3)CC2)n(-c2ccc(O)cc2)n1,C1CSCN1,Cc1cc(N2CCN(C3CNC(C(=O)O)C3)CC2)n(-c2ccccc2)n1,Cc1cc(N2CC[N+]([O-])(C3CNC(C(=O)N4CCSC4)C3)CC2)n(-c2ccccc2)n1,O=C(O)c1cc(N2CCN(C3CNC(C(=O)N4CCSC4)C3)CC2)n(-c2ccccc2)n1,Cc1cc(N2CCN(C3CNC(C(=O)N4CCSC4)C3)C(=O)C2)n(-c2ccccc2)n1,Cc1cc(N2CCN(C3CNC(C(=O)N4CSCC4=O)C3)CC2)n(-c2ccccc2)n1,Cc1cc(N2CCN(C3CNC(C(=O)N4CCSC4)C3)CC2=O)n(-c2ccccc2)n1,Cc1cc(N2CCN(C3CNC(C(=O)N4CCSC4)C3)CC2O)n(-c2ccccc2)n1"
Clc1ccccc1CN1CCc2sccc2C1,"O=C1C=C2CN(Cc3ccccc3Cl)CCC2S1,O=S1C=CC2=C1CCN(Cc1ccccc1Cl)C2,Clc1ccccc1CN1C=Cc2sccc2C1,[O-][N+]1(Cc2ccccc2Cl)CCc2sccc2C1,Clc1cc2c(s1)CCN(Cc1ccccc1Cl)C2,OC1CN(Cc2ccccc2Cl)Cc2ccsc21","Clc1ccccc1CN1CCc2sccc2C1,OCc1ccccc1Cl,c1cc2c(s1)CCNC2,OC1CN(Cc2ccccc2Cl)Cc2ccsc21,Oc1ccc(CN2CCc3sccc3C2)c(Cl)c1,[O-][N+]1(Cc2ccccc2Cl)CCc2sccc2C1,Oc1cc2c(s1)CCN(Cc1ccccc1Cl)C2,OC1c2ccsc2CCN1Cc1ccccc1Cl,OC(c1ccccc1Cl)N1CCc2sccc2C1,O=C1Cc2sccc2CN1Cc1ccccc1Cl,OC1Cc2sccc2CN1Cc1ccccc1Cl,O=S1C=CC2=C1CCN(Cc1ccccc1Cl)C2"
COc1cc(Cc2cnc(N)nc2N)cc(OC)c1OC,"COc1cc(Cc2cnc(N)nc2N)cc(O)c1OC,COc1cc(Cc2cnc(N)[n+]([O-])c2N)cc(OC)c1OC,COc1cc(Cc2c[n+]([O-])c(N)nc2N)cc(OC)c1OC,COc1cc(Cc2cnc(N)nc2N)cc(OC)c1O,COc1cc(C(O)c2cnc(N)nc2N)cc(OC)c1OC","COc1cc(Cc2cnc(N)nc2N)cc(OC)c1OC,COc1cc(Cc2cnc(N)nc2N)cc(O)c1OC,COc1cc(Cc2cnc(N)nc2N)cc(OC)c1O,COc1cc(Cc2cnc(N)nc2NC(C)=O)cc(OC)c1OC,COc1cc(Cc2cnc(NC(C)=O)nc2N)cc(OC)c1OC,COc1cc(Cc2cnc(N)nc2NC(C)=O)cc(OC)c1O,COc1cc(Cc2cnc(NC(C)=O)nc2N)cc(OC)c1O,COc1cc(Cc2cnc(NC(C)=O)nc2N)cc(O)c1OC,COc1cc(Cc2cnc(N)nc2NC(C)=O)cc(O)c1OC,COc1cc(C(O)c2cnc(N)nc2N)cc(OC)c1OC,COc1cc(Cc2cnc(N)nc2N)cc(OC2OC(C(=O)O)C(O)C(O)C2O)c1OC,COc1cc(Cc2cnc(N)nc2N)cc(OC)c1OC1OC(C(=O)O)C(O)C(O)C1O"
C[C@]12C=CC(=O)C(Cl)=C1CC[C@H]1[C@H]2CC[C@]2(C)[C@@H]1CC[C@]2(C)O,CC12C=CC(=O)C(Cl)=C1CCC1C2C(O)CC2(C)C1CCC2(C)O,"CC12C=CC(=O)C(Cl)=C1CCC1C2CCC2(C)C1CCC2(C)O,CC12C=CC(=O)C(Cl)=C1CCC1C2CCC2(C)C1CCC2(C)OC1OC(C(=O)O)C(O)C(O)C1O,CC12CCC(=O)C(Cl)=C1CCC1C2CCC2(C)C1CCC2(C)O,CC12C=CC(=O)C(Cl)C1CCC1C2CCC2(C)C1CCC2(C)O,CC12C=CC(=O)C(Cl)=C1CCC1C2CCC2(C)C1CCC2(O)CO,CC12C=CC(=O)C(Cl)=C1CCC1C2CCC2(C)C(=O)CCC12,CC12C=CC(=O)C(Cl)=C1C(O)CC1C2CCC2(C)C1CCC2(C)O,CC12C=CC(=O)C(Cl)=C1CCC1C2CCC2(C)C1CC(O)C2(C)O,CC12C=CC(=O)C(Cl)=C1CCC1C2CC(O)C2(C)C1CCC2(C)O,CC12C=CC(=O)C(Cl)=C1CCC1C2CCC2(C)C1CCC2(C)OS(=O)(=O)O,CC12C=CC(=O)C(Cl)=C1CCC1C2CCC2(C)C1CCC2(O)C(=O)O,CC12C=CC(=O)C(Cl)C1CCC1C2CCC2(C)C1CCC2(C)OC1OC(C(=O)O)C(O)C(O)C1O"
CC(=O)Nc1ccc(O)cc1,"CC(=O)Nc1ccc(OS(=O)(=O)O)cc1,CC(=O)Nc1ccc(OC2OC(C(=O)O)C(O)C(O)C2O)cc1","CC(=O)Nc1ccc(O)cc1,CC(=O)Nc1ccc(OC2OC(C(=O)O)C(O)C(O)C2O)cc1,Nc1ccc(O)cc1,CC(=O)Nc1ccc(OS(=O)(=O)O)cc1,COc1ccc(NC(C)=O)cc1,O=C(CO)Nc1ccc(O)cc1,CC(=O)N=C1C=CC(=O)C=C1,Nc1ccc(OC2OC(C(=O)O)C(O)C(O)C2O)cc1,CC(=O)Nc1ccc(O)c(O)c1,CC(=O)Nc1ccc(O)cc1O,CC(=O)N(c1ccc(O)cc1)C1OC(C(=O)O)C(O)C(O)C1O,Nc1ccc(OS(=O)(=O)O)cc1"
CC1(C)CCC(CN2CCN(c3ccc(C(=O)NS(=O)(=O)c4ccc(NCC5CCOCC5)c([N+](=O)[O-])c4)c(Oc4cnc5[nH]ccc5c4)c3)CC2)=C(c2ccc(Cl)cc2)C1,"CC1(C)CC(c2ccc(Cl)cc2)=C(CN2CCN(c3ccc(C(=O)NS(=O)(=O)c4ccc(NCC5CCOCC5)c([N+](=O)[O-])c4)c(Oc4cnc5[nH]ccc5c4)c3)CC2)C(O)C1,CC1(C)CCC(CN2CCN(c3ccc(C(=O)NS(=O)(=O)c4ccc(NCC5CCOCC5)c([N+](=O)[O-])c4)c(Oc4cnc5[nH]ccc5c4)c3)C(=O)C2)=C(c2ccc(Cl)cc2)C1,CC1(CO)CCC(CN2CCN(c3ccc(C(=O)NS(=O)(=O)c4ccc(NCC5CCOCC5)c([N+](=O)[O-])c4)c(Oc4cnc5[nH]ccc5c4)c3)CC2)=C(c2ccc(Cl)cc2)C1,CC1(C)CCC(C[N+]2([O-])CCN(c3ccc(C(=O)NS(=O)(=O)c4ccc(NCC5CCOCC5)c([N+](=O)[O-])c4)c(Oc4cnc5[nH]ccc5c4)c3)CC2)=C(c2ccc(Cl)cc2)C1,CC1(C)CCC(CN2CCN(c3ccc(C(=O)NS(=O)(=O)c4ccc(NCC5CCOCC5)c([N+](=O)[O-])c4)c(Oc4cnc5[nH]ccc5c4)c3)CC2)=C(c2ccc(Cl)cc2)C1O","CC1(C)CCC(CN2CCN(c3ccc(C(=O)NS(=O)(=O)c4ccc(NCC5CCOCC5)c([N+](=O)[O-])c4)c(Oc4cnc5[nH]ccc5c4)c3)CC2)=C(c2ccc(Cl)cc2)C1,NS(=O)(=O)c1ccc(NCC2CCOCC2)c([N+](=O)[O-])c1,CC1(C)CCC(CN2CCN(c3ccc(C(=O)O)c(Oc4cnc5[nH]ccc5c4)c3)CC2)=C(c2ccc(Cl)cc2)C1,CC1(C)CCC(CN2CCN(c3ccc(C(=O)NS(=O)(=O)c4cc([N+](=O)[O-])c(NCC5CCOCC5)cc4O)c(Oc4cnc5[nH]ccc5c4)c3)CC2)=C(c2ccc(Cl)cc2)C1,CC1(C)CCC(CN2CCN(c3ccc(C(=O)NS(=O)(=O)c4ccc(N)c([N+](=O)[O-])c4)c(Oc4cnc5[nH]ccc5c4)c3)CC2)=C(c2ccc(Cl)cc2)C1,CC1(C)CCC(CN2CCN(c3ccc(C(=O)NS(=O)(=O)c4ccc(NCC5CCOCC5)c(N)c4)c(Oc4cnc5[nH]ccc5c4)c3)CC2)=C(c2ccc(Cl)cc2)C1,CC1(C)CCC(CO)=C(c2ccc(Cl)cc2)C1,O=C(NS(=O)(=O)c1ccc(NCC2CCOCC2)c([N+](=O)[O-])c1)c1ccc(N2CCNCC2)cc1Oc1cnc2[nH]ccc2c1,CC1(C)CCC(CN2CCN(c3ccc(C(=O)NS(=O)(=O)c4ccc(NCC(CCO)CCO)c([N+](=O)[O-])c4)c(Oc4cnc5[nH]ccc5c4)c3)CC2)=C(c2ccc(Cl)cc2)C1,CC1(C)CCC(CN2CCN(c3ccc(C(=O)NS(=O)(=O)c4ccc(NCC5CCOCC5)c([N+](=O)[O-])c4)c(Oc4cc5cc[nH]c5nc4O)c3)CC2)=C(c2ccc(Cl)cc2)C1,CC1(C)CCC(C[N+]2([O-])CCN(c3ccc(C(=O)NS(=O)(=O)c4ccc(NCC5CCOCC5)c([N+](=O)[O-])c4)c(Oc4cnc5[nH]ccc5c4)c3)CC2)=C(c2ccc(Cl)cc2)C1,CC1(C)CCC(CN2CCN(c3ccc(C(=O)OC4OC(C(=O)O)C(O)C(O)C4O)c(Oc4cnc5[nH]ccc5c4)c3)CC2)=C(c2ccc(Cl)cc2)C1"
